,user,popularity,budget,revenue,runtime,vote_average,vote_count,status_encoded,video_encoded,release_date
0,1,12.329904214285715,21958000.0,113867684.85714285,125.07142857142857,6.95,803.6428571428571,3.0,1.0,1981.0
1,2,15.84738020754717,34368433.96226415,247539163.18867925,122.58490566037736,6.945283018867925,1750.3396226415093,3.0,1.0,1993.6603773584907
2,3,19.667484314285712,25107142.85714286,179782084.25714287,122.97142857142858,7.242857142857143,2440.542857142857,3.0,1.0,1995.8285714285714
3,4,13.214940126760563,23105133.436619718,141231279.73943663,113.92957746478874,6.946478873239436,1315.4647887323943,3.0,1.0,1985.0774647887324
4,5,15.56782222857143,47208871.428571425,326386615.4285714,118.55714285714286,7.085714285714285,2332.457142857143,3.0,1.0,1994.5142857142857
5,6,14.1662299,35611966.666666664,203165384.26666668,118.53333333333333,7.266666666666667,1978.7666666666667,3.0,1.0,1989.7
6,7,12.873133442622951,19946531.524590164,165756007.6885246,106.40983606557377,6.918032786885246,1431.1311475409836,2.9508196721311477,0.9836065573770492,1955.8688524590164
7,8,17.923257790123458,45924074.074074075,279917453.67901236,126.33333333333333,7.3654320987654325,3002.753086419753,3.0,1.0,1995.8024691358025
8,9,13.836132870967742,25451612.903225806,186491108.38709676,125.41935483870968,7.293548387096774,2069.064516129032,3.0,1.0,1995.5806451612902
9,10,11.8404971875,29725000.0,80531955.90625,107.3125,6.4375,1321.53125,3.0,1.0,1995.6875
10,11,12.54403526923077,54290200.07692308,271266543.7307692,111.34615384615384,6.8538461538461535,2856.1153846153848,3.0,1.0,2005.576923076923
11,12,10.08396819047619,16934524.404761903,64427479.11904762,111.5952380952381,6.652380952380952,733.0238095238095,3.0,1.0,1990.595238095238
12,13,15.262398081081082,58959459.45945946,310268619.3513514,118.64864864864865,7.005405405405405,2556.6216216216217,2.918918918918919,0.972972972972973,1942.6216216216217
13,14,13.985591642857143,68034887.35714285,377122044.21428573,114.42857142857143,6.578571428571428,2182.5,3.0,1.0,1990.7142857142858
14,15,11.377425797478992,34696549.481512606,134106875.04705882,113.91848739495798,6.82,1201.363025210084,2.9974789915966387,0.9991596638655462,1992.4084033613444
15,16,13.01045225,38440000.0,188912785.4,109.95,6.975,1769.2,3.0,1.0,1997.0
16,17,13.673496393700788,21085813.767716534,114175456.40551181,118.12204724409449,7.378346456692913,1543.7047244094488,3.0,1.0,1985.6653543307086
17,18,11.235691885714285,40102857.14285714,159451854.57142857,119.57142857142857,6.362857142857142,839.1714285714286,3.0,1.0,1995.0857142857142
18,19,12.271647358108108,15287325.33445946,85422599.61148648,118.14189189189189,7.215878378378378,1013.6486486486486,3.0,1.0,1981.9222972972973
19,20,16.086967602941176,22497566.61764706,183152131.7647059,119.38235294117646,7.204411764705882,1957.1470588235295,2.9558823529411766,0.9852941176470589,1954.4411764705883
20,21,16.084739920353982,20986042.46017699,171814118.91150442,120.13274336283186,7.2982300884955755,1724.274336283186,3.0,1.0,1978.41592920354
21,22,15.252923792207792,54183181.81818182,284456413.5649351,118.48051948051948,6.961688311688311,2403.512987012987,3.0,1.0,1995.3896103896104
22,23,11.583049015748031,25848575.037401576,112689811.26574804,119.34448818897638,7.196259842519685,1099.1102362204724,3.0,1.0,1983.6456692913387
23,24,25.298341071428574,60785714.28571428,422041421.21428573,131.14285714285714,7.042857142857143,2723.0,3.0,1.0,1993.857142857143
24,25,13.514003055555555,37916666.666666664,183752377.94444445,110.27777777777777,6.605555555555556,1381.611111111111,3.0,1.0,1993.4444444444443
25,26,16.105570574999998,50591127.733333334,222190781.1,119.475,7.184166666666667,2651.6666666666665,2.975,0.9916666666666667,1986.9666666666667
26,27,22.0086481875,24163125.0,192602078.5625,129.5625,7.3375,2278.6875,3.0,1.0,1994.9375
27,28,13.279062171428572,15530499.6,89702996.05714285,125.68571428571428,7.411428571428571,1099.0857142857142,3.0,1.0,1974.1714285714286
28,29,9.092336866666667,23447666.666666668,87210878.93333334,105.06666666666666,5.98,427.6,3.0,1.0,1993.2
29,30,10.35948952758133,20582559.78500707,94224495.97171146,116.2998585572843,6.743988684582744,772.6011315417256,2.994342291371994,0.9985855728429985,1983.073550212164
30,31,24.740691645833333,33850625.0,201699434.70833334,124.1875,7.485416666666667,3123.5625,3.0,1.0,1991.7708333333333
31,32,17.878935272727272,45303030.303030305,253495234.75757575,120.21212121212122,6.724242424242425,1784.5454545454545,3.0,1.0,1993.6666666666667
32,33,10.010755052083333,16687625.59375,85025997.65625,104.57291666666667,6.569791666666667,867.0520833333334,3.0,1.0,1992.0
33,34,14.50568033076923,17741292.784615386,106911187.6923077,114.86153846153846,7.248461538461538,1458.053846153846,3.0,1.0,1981.1846153846154
34,35,10.949938142857144,29558000.0,64007094.14285714,117.64285714285714,6.8428571428571425,428.2857142857143,3.0,1.0,1985.5
35,36,13.381254708333334,20595515.555555556,138197386.81944445,119.01388888888889,6.897222222222222,1258.1666666666667,3.0,1.0,1993.3194444444443
36,37,13.484206045454545,33281818.181818184,201027635.72727272,111.22727272727273,6.818181818181818,1677.0,3.0,1.0,1997.5
37,38,16.053455948051948,23039540.83116883,141278839.55844155,121.49350649350649,7.394805194805195,2141.9220779220777,2.9740259740259742,0.987012987012987,1966.1818181818182
38,39,14.59847276744186,27240162.976744186,144265124.4883721,113.09302325581395,6.634883720930233,1443.093023255814,3.0,1.0,1994.139534883721
39,40,36.4389116,72400000.0,441915836.93333334,129.86666666666667,7.723333333333333,6077.633333333333,3.0,1.0,2006.9333333333334
40,41,12.2640695323741,30194672.82733813,113647313.58273381,110.84892086330935,6.610071942446043,1132.3741007194244,3.0,1.0,1986.0791366906474
41,42,27.075746775510208,76394897.95918368,496557278.4285714,132.3673469387755,7.479591836734694,5184.65306122449,2.938775510204082,0.9795918367346939,1956.7755102040817
42,43,11.851193,29324376.623376623,145865484.0,111.59740259740259,6.85064935064935,1375.5324675324675,3.0,1.0,1993.5454545454545
43,44,14.085950176470588,41682352.941176474,275110175.88235295,121.76470588235294,6.735294117647059,1628.5294117647059,3.0,1.0,1994.4117647058824
44,45,11.38067892857143,23878557.14285714,59505971.928571425,125.42857142857143,7.2,959.3571428571429,3.0,1.0,1987.857142857143
45,46,19.22669425925926,54944444.44444445,310272713.1111111,115.66666666666667,6.440740740740741,2779.1481481481483,3.0,1.0,1995.3703703703704
46,47,18.767917846153846,50019230.76923077,241728304.3846154,121.76923076923077,6.869230769230769,1852.2307692307693,3.0,1.0,1993.923076923077
47,48,14.03792999442897,48129811.5626741,212347723.01671308,110.35654596100278,7.051810584958217,2088.7799442896935,3.0,1.0,2003.2284122562673
48,49,10.97415731884058,21296429.333333332,126797890.68115942,117.55072463768116,6.815942028985507,899.1884057971015,3.0,1.0,1976.5652173913043
49,50,18.97324196875,46414062.5,304841289.375,128.28125,6.94375,2101.40625,3.0,1.0,1993.75
50,51,9.799223666666666,36494047.61904762,74199658.1904762,107.57142857142857,6.409523809523809,488.23809523809524,3.0,1.0,1990.5714285714287
51,52,13.383198574468084,44326286.57446808,216469649.93617022,121.23404255319149,6.742553191489361,1521.1489361702127,3.0,1.0,1999.340425531915
52,53,11.3382684375,34077312.5,143991058.28125,104.5625,6.6968749999999995,991.71875,3.0,1.0,1993.09375
53,54,13.715199466666666,41392341.166666664,174813558.76666668,116.56666666666666,7.069999999999999,1953.0,3.0,1.0,1996.1
54,55,12.875265884615384,40884615.384615384,193197717.80769232,113.34615384615384,6.476923076923077,1295.7692307692307,3.0,1.0,1994.0
55,56,13.994996567123287,32370725.97260274,169148389.45753425,113.27945205479452,7.192328767123287,1991.5150684931507,3.0,1.0,1997.8794520547945
56,57,12.269683965753424,22519867.93150685,127595230.57534246,116.5958904109589,7.026027397260274,1200.9794520547946,3.0,1.0,1989.541095890411
57,58,10.729414313725488,16734764.705882354,65065718.666666664,107.90196078431373,6.62156862745098,694.6274509803922,3.0,1.0,1979.6078431372548
58,59,16.77625146296296,35153000.0,237280329.1111111,119.57407407407408,7.181481481481482,2160.925925925926,3.0,1.0,1990.8703703703704
59,60,15.115224763157896,22395000.0,117233041.18421052,115.8157894736842,7.1000000000000005,1410.6315789473683,3.0,1.0,1991.8157894736842
60,61,15.160290741379312,54161598.47413793,317630510.6896552,109.00862068965517,6.9543103448275865,2492.1293103448274,3.0,1.0,1993.5
61,62,27.197997864864863,58668918.91891892,285981764.6486486,125.35135135135135,7.5675675675675675,5041.216216216216,3.0,1.0,2006.8108108108108
62,63,14.018203492537314,33410597.01492537,216271421.3432836,115.8955223880597,6.967164179104477,1823.358208955224,2.955223880597015,0.9850746268656716,1962.4626865671642
63,64,23.791610928571426,45785714.28571428,274755594.71428573,131.0,7.042857142857143,2633.785714285714,3.0,1.0,1993.2857142857142
64,65,16.371701444444444,6911666.666666667,154056230.55555555,125.77777777777777,7.616666666666666,1771.2222222222222,3.0,1.0,1971.7777777777778
65,66,15.246832441176469,26419117.647058822,206130898.67647058,120.29411764705883,7.223529411764706,2326.264705882353,3.0,1.0,1988.8235294117646
66,67,13.697103138888888,23399027.777777776,133666577.91666667,116.51388888888889,6.723611111111111,1192.4166666666667,3.0,1.0,1992.8333333333333
67,68,17.316741104651165,42906108.593023255,295852730.95348835,123.18604651162791,7.1976744186046515,2554.8023255813955,3.0,1.0,1991.3837209302326
68,69,19.704538607142858,38379053.571428575,317683837.23214287,115.73214285714286,7.091071428571429,3013.9285714285716,3.0,1.0,1991.642857142857
69,70,9.428806413793103,27959137.931034483,95409826.51724137,109.5,6.167241379310345,549.6896551724138,3.0,1.0,1995.2241379310344
70,71,9.682738562499999,15968751.875,77223778.5625,116.625,7.10625,843.5625,3.0,1.0,1980.3125
71,72,26.703259428571428,69733082.70676692,384573828.0,125.81954887218045,7.446616541353383,4667.436090225564,2.9774436090225564,0.9924812030075187,1987.2255639097743
72,73,12.131331826974268,37569992.0700976,152698609.22715172,110.34516415261757,6.624755989352263,1402.3806566104702,2.9866903283052353,0.9964507542147294,1988.6885536823424
73,74,14.675531617647058,48925294.11764706,272445169.5588235,122.32352941176471,6.638235294117647,1773.9705882352941,3.0,1.0,1994.235294117647
74,75,15.93565098019802,30446044.82178218,175380436.28712872,121.24752475247524,7.235643564356435,2033.7326732673268,3.0,1.0,1988.90099009901
75,76,9.791279857142857,16990382.5,69263987.35714285,105.5,7.0,474.35714285714283,3.0,1.0,1980.2142857142858
76,77,15.089199286363636,36799582.05909091,202495520.0681818,113.69545454545455,6.984545454545454,2043.0227272727273,3.0,1.0,1992.0545454545454
77,78,18.179049396739128,51520809.782608695,297051279.6956522,123.30434782608695,7.129891304347827,2843.396739130435,3.0,1.0,1996.1576086956522
78,79,16.00069089473684,46440789.473684214,410032859.7368421,119.71052631578948,6.9263157894736835,2987.2105263157896,3.0,1.0,1992.6315789473683
79,80,11.037257799999999,35766000.0,126015527.64,115.04,6.64,970.16,3.0,1.0,1993.72
80,81,11.093506892857144,9037262.598214285,58616438.70535714,116.41964285714286,7.450892857142857,889.6964285714286,3.0,1.0,1987.1160714285713
81,82,19.899605481481483,46518518.518518515,252302442.96296296,124.74074074074075,6.996296296296297,2230.5555555555557,3.0,1.0,1993.5925925925926
82,83,10.802763,22446399.348214287,108037252.79464285,109.28571428571429,7.065178571428571,1096.9107142857142,3.0,1.0,1987.9732142857142
83,84,26.262810185185185,90671179.97530864,503552185.3703704,130.87654320987653,7.3432098765432094,4833.493827160494,3.0,1.0,2002.0987654320988
84,85,15.018863675675675,38365540.64864865,207026247.83783785,115.70270270270271,6.536486486486487,1538.7702702702702,3.0,1.0,1993.5945945945946
85,86,9.90658522556391,13856132.142857144,87741808.0150376,113.6842105263158,6.863157894736842,777.1654135338346,3.0,1.0,1992.548872180451
86,87,13.199733952380953,38885714.28571428,223243452.7142857,114.19047619047619,6.619047619047619,1424.3809523809523,3.0,1.0,1993.5714285714287
87,88,16.509136674157304,37688827.73595506,234106158.5224719,118.74719101123596,7.146067415730337,2232.8146067415732,3.0,1.0,1992.0786516853932
88,89,24.240155847826085,63241304.347826086,372379389.6086956,126.21739130434783,7.106521739130434,3983.7608695652175,3.0,1.0,1994.9130434782608
89,90,12.311306514285715,38074285.71428572,161939740.0,115.48571428571428,6.862857142857143,1271.3428571428572,3.0,1.0,1994.8857142857144
90,91,22.27264262857143,79780476.1904762,416280862.7619048,119.22857142857143,7.141904761904762,4264.266666666666,2.9714285714285715,0.9904761904761905,1984.2571428571428
91,92,14.529921511627906,35590116.37209302,214851704.3255814,117.03488372093024,6.651162790697675,1489.860465116279,3.0,1.0,1994.0232558139535
92,93,16.625269504504505,48140647.27927928,347705326.4234234,117.78378378378379,7.233333333333333,2665.3783783783783,3.0,1.0,1993.1801801801803
93,94,20.528266912408757,58298941.60583942,347986787.8832117,122.94160583941606,7.296350364963504,3559.3503649635036,3.0,1.0,1998.7372262773722
94,95,11.428891416267941,23992685.76555024,116501340.784689,109.06698564593302,6.450239234449761,1006.4736842105264,3.0,1.0,1991.578947368421
95,96,8.961397283018867,7968960.1698113205,34100606.20754717,108.30188679245283,7.5150943396226415,656.0943396226415,3.0,1.0,1966.5471698113208
96,97,19.972723382022473,32741185.11235955,251531605.30337077,124.97752808988764,7.62247191011236,3142.303370786517,3.0,1.0,1986.7752808988764
97,98,22.299339918367348,52604081.63265306,300518776.877551,115.87755102040816,7.030612244897959,2846.7551020408164,3.0,1.0,2001.204081632653
98,99,12.711029198473284,22118285.328244276,133226762.53435114,116.78625954198473,7.041984732824427,1231.648854961832,2.9770992366412212,0.9923664122137404,1963.0
99,100,12.08569311764706,41535294.11764706,213837578.29411766,116.88235294117646,6.705882352941177,1327.1176470588234,3.0,1.0,1995.5294117647059
100,101,21.86570802631579,39743421.05263158,242365656.89473686,120.34210526315789,6.984210526315789,3164.3684210526317,2.9210526315789473,0.9736842105263158,1938.078947368421
101,102,10.071944194092826,9116984.552742615,51652207.97679325,118.39451476793249,7.20084388185654,646.1582278481013,3.0,1.0,1979.2278481012659
102,103,15.414681953846154,42935780.15384615,181669786.30769232,115.63076923076923,7.046153846153846,2266.4307692307693,3.0,1.0,1994.9846153846154
103,104,28.179470188679243,117237735.8490566,538601072.6603774,131.75471698113208,7.1000000000000005,5292.377358490566,2.943396226415094,0.9811320754716981,1966.9245283018868
104,105,12.609899506811988,31005423.269754767,140235960.73841962,118.6267029972752,6.852861035422343,1275.798365122616,3.0,1.0,1990.9209809264305
105,106,12.893799193548386,48000000.0,290228013.32258064,99.87096774193549,6.570967741935483,2285.1935483870966,3.0,1.0,1999.9354838709678
106,107,24.873527045454544,54150000.0,227585298.13636363,128.8181818181818,7.2727272727272725,3386.5,3.0,1.0,2001.2272727272727
107,108,20.247368714285717,52000000.0,312975323.1904762,125.04761904761905,6.961904761904761,2449.6666666666665,3.0,1.0,1993.5714285714287
108,109,13.0726279375,49750000.0,245711439.8125,129.5,6.91875,1940.5,3.0,1.0,1994.25
109,110,14.227901738095238,38827380.952380955,217593396.98809522,117.46428571428571,6.564285714285714,1431.3214285714287,3.0,1.0,1993.9285714285713
110,111,12.643283840336133,27683333.600840338,151355701.44537815,112.65966386554622,6.775210084033613,1356.638655462185,3.0,1.0,1992.6596638655462
111,112,12.383320642857143,40750000.0,226682951.64285713,115.57142857142857,6.728571428571429,1446.5714285714287,3.0,1.0,1993.7142857142858
112,113,9.79364838888889,29436111.111111112,98971348.5,117.88888888888889,6.477777777777778,639.8333333333334,3.0,1.0,1993.8333333333333
113,114,14.165741647058823,43941176.47058824,281594511.11764705,113.3529411764706,6.747058823529412,1808.5882352941176,3.0,1.0,1994.0
114,115,13.561023464285714,20898214.285714287,132123113.32142857,103.71428571428571,7.178571428571429,1735.9642857142858,3.0,1.0,1993.2142857142858
115,116,35.99531917647059,58705882.35294118,537025007.5294118,137.23529411764707,7.694117647058825,6184.588235294118,3.0,1.0,1996.2941176470588
116,117,10.65389305263158,23841140.86842105,94017903.76315789,118.60526315789474,6.994736842105263,896.1578947368421,3.0,1.0,1996.2631578947369
117,118,14.288957931818182,23946967.068181816,126452275.02272727,121.24242424242425,7.199242424242424,1504.780303030303,3.0,1.0,1982.378787878788
118,119,11.675594861607141,24795177.901785713,108614153.48660715,116.30803571428571,6.841517857142857,1022.3705357142857,3.0,1.0,1985.6495535714287
119,120,14.4614278125,26404989.583333332,187471086.05208334,114.84375,6.983333333333333,1627.03125,3.0,1.0,1988.6041666666667
120,121,14.235946053571428,29012984.285714287,163167247.19642857,116.5,6.839285714285714,1370.3392857142858,3.0,1.0,1993.9285714285713
121,122,18.783272392857146,44267857.14285714,233862713.85714287,121.5,6.8428571428571425,1815.2142857142858,3.0,1.0,1993.7857142857142
122,123,12.797432652173914,26067826.086956523,79329281.52173913,107.0,6.452173913043478,1201.5217391304348,3.0,1.0,1992.9130434782608
123,124,20.993025847457627,53602288.13559322,326585591.0508475,125.1864406779661,7.33728813559322,3476.135593220339,3.0,1.0,1998.1186440677966
124,125,17.87686250340136,48436632.653061226,300401663.08843535,119.22448979591837,7.244897959183674,2908.285714285714,3.0,1.0,1994.408163265306
125,126,14.305997159090909,37652272.72727273,220572407.70454547,113.6590909090909,6.654545454545455,1604.0681818181818,3.0,1.0,1993.8863636363637
126,127,13.6000545,37000000.0,334110296.5714286,116.92857142857143,6.742857142857142,1832.2857142857142,3.0,1.0,1993.2857142857142
127,128,10.454446305309736,43708315.765486725,157555380.40265486,115.11061946902655,6.320353982300885,1025.712389380531,3.0,1.0,1997.283185840708
128,129,11.903886444444446,43921666.666666664,175423686.44444445,113.72222222222223,6.411111111111111,1267.2222222222222,3.0,1.0,1995.388888888889
129,130,15.048134354961833,35791386.347328246,222719696.27099237,117.02671755725191,7.1106870229007635,2026.0954198473282,2.9885496183206106,0.9961832061068703,1981.4656488549617
130,131,11.502720033333333,39232000.0,187746056.1,115.1,6.706666666666666,1290.9666666666667,3.0,1.0,1996.5666666666666
131,132,10.943677030769232,12845127.23076923,68559144.8,110.35384615384615,7.147692307692308,993.4615384615385,3.0,1.0,2002.123076923077
132,133,15.431570983870968,37768817.71774194,185035518.16935483,120.68548387096774,7.431451612903226,2449.9274193548385,2.9919354838709675,1.0,2001.024193548387
133,134,16.693873539170507,41778630.38709678,249084111.23502305,117.32718894009217,7.230875576036866,2680.327188940092,3.0,1.0,1992.926267281106
134,135,8.857695933333334,25550000.0,82778346.26666667,100.4,5.486666666666666,489.73333333333335,3.0,1.0,1995.7333333333333
135,136,14.98938877142857,37516514.28571428,336040591.9714286,112.97142857142858,6.94,2905.4,3.0,1.0,1988.1714285714286
136,137,14.021365303571429,24227390.14285714,182098507.9642857,117.51785714285714,6.998214285714285,1449.25,3.0,1.0,1984.0892857142858
137,138,28.00047839285714,67528214.625,414644029.5714286,129.30357142857142,7.496428571428572,5445.375,2.892857142857143,0.9642857142857143,1928.3214285714287
138,139,12.258584872340426,23834042.55319149,106591585.31914894,117.55319148936171,7.01063829787234,1387.6382978723404,3.0,1.0,1991.404255319149
139,140,14.2500605,35793754.96875,192928482.6875,110.4375,6.85625,2143.15625,3.0,1.0,1997.40625
140,141,16.11509966666667,62969047.61904762,298253912.71428573,135.8095238095238,7.033333333333333,2846.5238095238096,3.0,1.0,1996.6666666666667
141,142,16.808393547619048,19065736.85714286,157737835.85714287,116.38095238095238,6.9785714285714295,1811.857142857143,3.0,1.0,1983.2619047619048
142,143,15.93439658490566,30380840.056603774,151344399.3018868,120.28301886792453,7.230188679245283,2273.396226415094,3.0,1.0,1993.754716981132
143,144,18.851713142857143,45973214.28571428,286221437.5714286,123.53571428571429,6.8500000000000005,2064.8928571428573,3.0,1.0,1993.642857142857
144,145,20.121502730769233,53153846.15384615,335162751.46153843,121.92307692307692,6.992307692307692,2645.423076923077,3.0,1.0,1993.8076923076924
145,146,18.877362411764707,48167648.52941176,350384154.0,119.3921568627451,7.113725490196079,3158.3137254901962,3.0,1.0,1993.3333333333333
146,147,20.830710692307694,30440384.615384616,116585152.84615384,111.6923076923077,6.9192307692307695,1799.6923076923076,3.0,1.0,1993.0
147,148,13.255711804347825,34638831.19565217,205246270.70652175,114.0,6.9750000000000005,1741.858695652174,2.967391304347826,1.0,1989.608695652174
148,149,21.65837143478261,52940933.136645965,274555511.45962733,116.527950310559,7.4341614906832305,3666.590062111801,3.0,1.0,2002.9565217391305
149,150,13.714826051903115,43509515.674740486,199724592.48442906,115.5432525951557,6.597231833910034,1635.8166089965398,3.0,1.0,1994.6332179930796
150,151,17.204806068181817,44096590.90909091,302945825.9318182,121.20454545454545,6.879545454545454,1989.659090909091,3.0,1.0,1993.6136363636363
151,152,18.569437309210524,52607169.40789474,304754447.7236842,123.54605263157895,7.317105263157895,3155.5131578947367,2.960526315789474,0.9868421052631579,1973.5
152,153,10.661246085714286,26110734.57142857,146160222.57142857,112.54285714285714,6.6971428571428575,1268.2571428571428,3.0,1.0,1990.2571428571428
153,154,9.993167333333334,25251666.666666668,65965086.722222224,100.88888888888889,6.266666666666667,680.8888888888889,3.0,1.0,1995.5555555555557
154,155,18.140905999999998,34715714.28571428,268112049.97142857,121.02857142857142,7.3428571428571425,2857.4,3.0,1.0,1985.942857142857
155,156,10.732576419354839,33287096.774193548,117604204.83870968,114.03225806451613,6.896774193548388,1349.967741935484,3.0,1.0,1998.1935483870968
156,157,15.991571368421054,45853029.346491225,249474966.42105263,115.17543859649123,7.143421052631579,2638.815789473684,3.0,1.0,1999.2763157894738
157,158,10.543603071428572,26264285.714285713,90175511.5,112.57142857142857,6.292857142857143,607.4285714285714,3.0,1.0,1989.9285714285713
158,159,16.358165563106798,19234997.349514563,121156472.26213592,121.83495145631068,7.48252427184466,1987.7281553398059,3.0,1.0,1985.2038834951456
159,160,12.297688500000001,18914285.714285713,155117572.57142857,115.82857142857142,6.951428571428572,1205.8,3.0,1.0,1988.9571428571428
160,161,15.437476419354839,37633064.51612903,249857407.33870968,118.29032258064517,6.800000000000001,1756.9354838709678,3.0,1.0,1993.6612903225807
161,162,10.10489938095238,33309523.80952381,141398265.80952382,118.0,6.4523809523809526,697.1428571428571,3.0,1.0,1995.5238095238096
162,163,21.358992857142855,59794642.85714286,390232621.5,130.64285714285714,7.175,3645.785714285714,3.0,1.0,1997.5
163,164,15.339236280701753,31417616.824561402,237017969.21052632,109.35087719298245,7.257894736842105,2411.5263157894738,3.0,1.0,1990.578947368421
164,165,11.587203382352941,31141033.152941175,150293521.35882354,109.2764705882353,6.493529411764706,1336.0117647058823,3.0,1.0,1996.1558823529413
165,166,13.850350897435897,52996871.79487179,208088599.07692307,113.51282051282051,6.743589743589744,1943.025641025641,3.0,1.0,1996.0
166,167,16.2523735625,24765625.0,295746035.25,115.25,7.13125,2848.5625,3.0,1.0,1985.375
167,168,13.788125654320988,30706790.12345679,167239116.2962963,118.77777777777777,6.565432098765432,1388.5925925925926,3.0,1.0,1993.2716049382716
168,169,15.81444541772152,64044303.79746836,295167585.6455696,113.84810126582279,6.6645569620253164,2395.012658227848,3.0,1.0,2001.6962025316457
169,170,11.081879611111113,25377777.777777776,73012870.33333333,111.94444444444444,6.772222222222222,544.2222222222222,3.0,1.0,1986.9444444444443
170,171,15.210636151515152,28702636.363636363,134987529.57575756,113.12121212121212,6.863636363636363,1289.878787878788,3.0,1.0,1994.060606060606
171,172,25.605036249999998,30656250.0,372858024.25,124.8125,7.475,3523.4375,3.0,1.0,1993.1875
172,173,12.356143928571429,36691071.428571425,217903870.60714287,112.78571428571429,6.7178571428571425,1464.857142857143,3.0,1.0,1994.7857142857142
173,174,9.735369500000001,19511109.85714286,71008283.14285715,113.0,6.678571428571429,590.5,3.0,1.0,1990.642857142857
174,175,15.903307655172416,39897586.20689655,246804088.6321839,115.79310344827586,6.958620689655172,2207.5172413793102,3.0,1.0,1991.3333333333333
175,176,15.568712955307262,50996590.7821229,271950681.88268155,116.23463687150839,6.996648044692738,2543.9441340782123,3.0,1.0,2000.5418994413408
176,177,12.108517423076924,38868269.23076923,144349022.98076922,116.17307692307692,6.478846153846154,1198.2115384615386,3.0,1.0,1993.5384615384614
177,178,18.738689142857144,22599194.076923076,159784950.85714287,120.16483516483517,7.642857142857143,2811.5604395604396,3.0,1.0,1989.6263736263736
178,179,19.15723030769231,74384615.38461539,441995663.11538464,114.11538461538461,7.357692307692308,4008.9615384615386,3.0,1.0,2002.576923076923
179,180,16.2445916875,25649187.5,134646792.375,112.875,7.1875,1762.0625,3.0,1.0,1988.75
180,181,14.391506,48277777.777777776,206857216.44444445,127.38888888888889,6.988888888888889,1839.3333333333333,3.0,1.0,1995.9444444444443
181,182,10.834239219780219,29646576.076923076,166285774.41758242,116.3076923076923,6.4703296703296695,876.5824175824176,3.0,1.0,1993.2417582417581
182,183,21.48609239285714,28096428.57142857,240881691.60714287,123.71428571428571,7.5249999999999995,2929.6428571428573,3.0,1.0,1992.75
183,184,18.653638741935485,33039580.64516129,232355550.4516129,120.41935483870968,7.199999999999999,2406.1290322580644,3.0,1.0,1993.483870967742
184,185,15.034380753521127,29211685.007042255,154036314.54225352,105.15492957746478,7.0654929577464785,1761.2394366197184,2.9788732394366195,0.9929577464788732,1973.3028169014085
185,186,20.054241068965517,47385172.4137931,291949901.51724136,119.86206896551724,6.962068965517242,2604.344827586207,3.0,1.0,1994.0344827586207
186,187,13.53857088938053,29883223.11061947,185919258.70353982,111.75221238938053,6.989380530973451,1783.716814159292,2.9867256637168142,0.995575221238938,1985.2079646017698
187,188,15.954295414285713,37672691.75714286,261050054.84285715,119.15714285714286,6.815714285714286,1805.1714285714286,3.0,1.0,1992.2571428571428
188,189,11.22514138211382,37656740.040650405,99970714.47154471,111.78861788617886,6.414634146341464,907.0650406504066,3.0,1.0,1995.9918699186992
189,190,8.624123666666666,22393500.0,79913400.26190476,112.80952380952381,6.740476190476191,534.2380952380952,3.0,1.0,1996.1904761904761
190,191,21.24614075,45450000.0,283652403.15,124.45,6.94,2305.95,3.0,1.0,1993.4
191,192,14.949326052631578,39473684.21052632,309980456.5263158,119.97368421052632,6.871052631578948,2144.5526315789475,3.0,1.0,1993.2105263157894
192,193,15.259290717391304,19296739.673913043,120093548.6521739,113.69565217391305,7.1499999999999995,1655.5652173913043,3.0,1.0,1988.0869565217392
193,194,18.32466265714286,47814285.71428572,325595874.0857143,126.68571428571428,6.865714285714286,2080.885714285714,3.0,1.0,1993.5142857142857
194,195,11.587408342182892,22399655.1179941,107412772.58702065,111.99115044247787,6.880235988200591,901.1238938053098,3.0,1.0,1980.4660766961651
195,196,9.390502695652174,26742833.666666668,78476992.57971014,113.40579710144928,6.366666666666667,534.5217391304348,3.0,1.0,1990.2898550724638
196,197,16.183628363636362,29323863.636363637,181997142.75,113.04545454545455,6.956818181818182,1971.8863636363637,3.0,1.0,1985.1136363636363
197,198,11.544782903846153,13085346.153846154,64956025.884615384,111.65384615384616,7.342307692307693,1118.3846153846155,3.0,1.0,1991.0192307692307
198,199,14.001476738983051,45111219.49152543,174861988.0338983,115.37627118644068,6.776949152542373,2022.8406779661018,2.989830508474576,0.9966101694915255,1992.8135593220338
199,200,14.681375932203391,57701129.949152544,270613570.00564975,113.03954802259886,6.800564971751412,2432.700564971751,2.983050847457627,0.9943502824858758,1989.0056497175142
200,201,16.650259894117646,48721764.705882356,299953191.1647059,118.36470588235294,7.0976470588235285,2747.858823529412,3.0,1.0,1996.3647058823528
201,202,12.85405641509434,19927358.490566038,132198276.8490566,111.13207547169812,6.4547169811320755,1203.5283018867924,3.0,1.0,1983.8867924528302
202,203,20.50489912,28902170.48,106178630.76,119.24,7.132,1760.04,3.0,1.0,1982.04
203,204,13.498317476190477,21249510.80952381,135875782.95238096,116.19047619047619,7.266666666666667,1667.2857142857142,3.0,1.0,1986.3333333333333
204,205,22.210052256944447,74887154.83333333,348568570.8541667,109.10416666666667,6.863888888888889,3041.5625,2.9583333333333335,0.9861111111111112,1976.1180555555557
205,206,13.770984,20925925.925925925,153779423.8888889,117.03703703703704,7.233333333333333,1828.888888888889,3.0,1.0,1985.888888888889
206,207,9.60709875,25622645.25,64699466.53125,118.25,6.5875,584.78125,3.0,1.0,1988.375
207,208,19.406028636363637,32963636.363636363,132035792.60606061,119.45454545454545,7.106060606060606,2611.787878787879,2.909090909090909,0.9696969696969697,1936.909090909091
208,209,10.925498928571429,20000000.0,89586332.42857143,108.5,6.621428571428572,640.4285714285714,3.0,1.0,1988.5714285714287
209,210,13.391126090909092,31681818.181818184,174554183.5,111.18181818181819,6.913636363636363,1678.6363636363637,3.0,1.0,1991.5454545454545
210,211,11.122999289473684,29321052.63157895,146564115.47368422,114.39473684210526,6.886842105263158,1148.3947368421052,3.0,1.0,1991.7631578947369
211,212,13.259657006525286,41297288.962479606,187251997.52365416,115.48123980424144,6.832300163132137,1552.3409461663948,2.99510603588907,0.99836867862969,1990.3327895595432
212,213,14.670552753532183,71962669.42386185,273102739.17739403,112.0094191522763,6.456985871271586,2065.2291993720564,2.990580847723705,0.9968602825745683,1994.795918367347
213,214,15.066721147651007,25724698.845637582,161491001.89932886,120.84563758389261,7.16241610738255,1687.2953020134228,3.0,1.0,1988.3020134228188
214,215,18.872120324324325,18895728.324324325,118203791.54054055,119.02702702702703,7.402702702702702,1742.6216216216217,3.0,1.0,1976.7027027027027
215,216,16.63010463157895,36145642.94736842,256816299.14035088,119.03508771929825,7.340350877192982,2684.1403508771928,3.0,1.0,1991.2456140350878
216,217,12.704514416666667,29628472.222222224,198677112.1111111,113.125,6.856944444444444,1568.6527777777778,3.0,1.0,1987.0416666666667
217,218,16.739333413793105,23572551.724137932,192269895.06896552,115.37931034482759,7.437931034482758,2286.206896551724,3.0,1.0,1988.0344827586207
218,219,14.728074166666666,26367656.25,195281485.625,108.9375,6.920833333333333,1869.8125,3.0,1.0,1992.0104166666667
219,220,11.395221698019801,25940385.02970297,146316038.61881188,115.75247524752476,6.907425742574257,1164.6336633663366,3.0,1.0,1992.6237623762377
220,221,11.735192,45107142.85714286,194712251.2857143,117.85714285714286,6.664285714285714,1581.0,3.0,1.0,1991.142857142857
221,222,7.915526672131148,5712138.196721312,50323563.08196721,111.26229508196721,6.968852459016394,453.2950819672131,3.0,1.0,1964.983606557377
222,223,12.14364452,42860000.0,207306895.72,120.84,6.707999999999999,1142.72,3.0,1.0,1993.88
223,224,12.747799639344262,20527493.770491805,99525712.16393442,115.40983606557377,6.750819672131148,1086.0983606557377,3.0,1.0,1993.72131147541
224,225,22.106344684210526,50473684.21052632,341953004.84210527,127.0,7.026315789473684,2704.2105263157896,3.0,1.0,1993.2631578947369
225,226,12.62821908,44552000.0,121905025.84,114.6,6.587999999999999,1385.44,3.0,1.0,2000.24
226,227,9.041241833333334,46611111.11111111,92026232.5,111.33333333333333,6.038888888888889,565.6666666666666,3.0,1.0,1998.0
227,228,25.634027976190477,76727500.0,502245978.3333333,126.69047619047619,7.497619047619047,5102.166666666667,3.0,1.0,1998.142857142857
228,229,13.269409608695652,16559130.43478261,57774154.13043478,128.04347826086956,7.217391304347826,853.1739130434783,3.0,1.0,1983.1739130434783
229,230,17.344339953846152,24446615.384615384,154732438.35384616,114.32307692307693,7.549230769230769,2877.0,3.0,1.0,2001.6
230,231,19.603876636363637,17799000.0,106792310.5909091,121.31818181818181,7.536363636363637,2153.0,3.0,1.0,1987.5
231,232,10.583685129979035,17460881.800838575,94648706.81761007,114.15303983228512,6.814675052410902,787.8280922431866,2.9874213836477987,0.9958071278825996,1971.4654088050315
232,233,9.768945519999999,39860000.0,146800621.12,119.56,6.4079999999999995,642.32,3.0,1.0,1994.68
233,234,15.9485224875,51743937.5,325440946.5375,113.0375,6.983750000000001,2764.9375,2.9625,0.9875,1970.55
234,235,14.172099907407407,41806481.481481485,216587632.30555555,120.5925925925926,6.953703703703703,1745.898148148148,3.0,1.0,1995.4907407407406
235,236,12.540111865384615,17248934.557692308,113303758.38461539,121.67948717948718,7.628846153846153,1331.2371794871794,3.0,1.0,1969.275641025641
236,237,19.559659466666666,33801666.666666664,246834600.36666667,127.36666666666666,7.286666666666666,2435.133333333333,3.0,1.0,1991.4666666666667
237,238,13.84103526984127,34996827.92063492,224973888.95238096,119.9047619047619,7.107936507936508,2782.190476190476,3.0,1.0,2004.1587301587301
238,239,9.676010128078818,19453200.30049261,104040343.20689656,104.26108374384236,6.579802955665025,715.0098522167488,3.0,1.0,1989.4778325123152
239,240,13.710727298136646,31392729.621118013,182341572.9068323,113.4968944099379,7.174534161490683,1787.6645962732919,3.0,1.0,1990.0434782608695
240,241,18.927117846153845,37871794.87179487,293294940.84615386,115.61538461538461,6.961538461538462,2388.5128205128203,3.0,1.0,1993.7692307692307
241,242,11.621497000000002,26916722.35842294,129117815.19713262,121.14695340501792,6.797849462365591,996.4193548387096,3.0,1.0,1991.63082437276
242,243,16.39495779439252,45670265.401869155,251831312.54672897,119.74299065420561,6.957476635514019,2176.7616822429904,3.0,1.0,1991.233644859813
243,244,21.094115137254903,49251960.78431372,351298299.7647059,122.03921568627452,7.150980392156862,4011.823529411765,2.8823529411764706,0.9607843137254902,1915.1568627450981
244,245,14.982115137931034,30182592.390804596,190411901.83908045,127.50574712643679,7.35632183908046,2032.9655172413793,3.0,1.0,1992.1494252873563
245,246,12.8228265,56500000.0,315906781.7777778,113.66666666666667,6.916666666666667,1821.6666666666667,3.0,1.0,1994.2777777777778
246,247,12.810443658291458,37412485.442211054,166262005.28643215,112.75879396984925,6.486934673366835,1221.0251256281408,3.0,1.0,1991.2060301507538
247,248,15.293376927536231,28914232.652173914,172324475.88405797,128.94202898550725,7.130434782608695,1886.2173913043478,3.0,1.0,1980.9710144927535
248,249,15.033545785714285,46428571.428571425,399956669.5714286,123.35714285714286,6.921428571428571,2703.214285714286,3.0,1.0,1993.0714285714287
249,250,22.54943425925926,75147685.18518518,376595962.0,127.89814814814815,7.377777777777777,4077.1481481481483,3.0,1.0,2003.1851851851852
250,251,29.07072931325301,106912650.60240965,529654325.78313255,121.72289156626506,7.131325301204819,4879.78313253012,3.0,1.0,2004.6385542168675
251,252,12.767359423076924,45171153.84615385,221705299.76923078,116.0,6.376923076923077,1406.6153846153845,3.0,1.0,1993.6153846153845
252,253,16.18958383916084,37974102.986013986,226097570.63636363,122.3076923076923,7.181818181818182,2149.671328671329,3.0,1.0,1991.3496503496503
253,254,12.528405622448979,23932928.57142857,129540042.05102041,110.60204081632654,6.5173469387755105,1108.7448979591836,3.0,1.0,1992.7244897959183
254,255,12.109544148514852,34623718.56435644,152464139.65346536,116.07920792079207,6.934653465346535,1404.851485148515,3.0,1.0,1994.8118811881188
255,256,10.538604055555556,32283333.333333332,117719493.0,120.77777777777777,6.616666666666666,714.1666666666666,3.0,1.0,1995.3333333333333
256,257,15.22262448611111,14938110.569444444,85127629.1388889,118.81944444444444,7.594444444444444,1643.513888888889,3.0,1.0,1982.4166666666667
257,258,10.688444227272727,10229545.454545455,77133400.36363636,120.5909090909091,7.013636363636365,740.7727272727273,3.0,1.0,1976.5454545454545
258,259,21.20188863157895,16786842.10526316,181552550.9473684,119.26315789473684,7.342105263157895,2338.8947368421054,3.0,1.0,1988.3684210526317
259,260,17.164375107142856,45551785.71428572,291750860.89285713,117.78571428571429,6.8,2617.3571428571427,3.0,1.0,1993.25
260,261,17.449583771428575,44657142.85714286,315157422.3142857,122.51428571428572,7.277142857142857,3014.6,3.0,1.0,1992.857142857143
261,262,11.855891528541227,21658157.21141649,113035754.54122621,105.45031712473573,6.876532769556025,1335.7420718816068,2.974630021141649,0.9915433403805497,1975.059196617336
262,263,16.508605569620254,37979810.18987342,184349187.63291138,126.86075949367088,7.172151898734177,1814.0506329113923,3.0,1.0,1986.7974683544303
263,264,13.702752,21804348.0,227508743.17391303,124.3913043478261,7.043478260869565,1556.8695652173913,3.0,1.0,1984.1304347826087
264,265,10.528157515625,6283777.8359375,47623244.2421875,119.8671875,7.43203125,708.6640625,3.0,1.0,1972.90625
265,266,20.595969999999998,37222222.222222224,301596427.7037037,130.8148148148148,7.1037037037037045,2336.1111111111113,3.0,1.0,1993.4814814814815
266,267,21.260320642857145,25818035.714285713,110850085.46428572,118.03571428571429,7.335714285714286,2508.535714285714,3.0,1.0,1994.0
267,268,15.82628545,39092746.77857143,231136173.92142856,116.31428571428572,7.099642857142857,2264.6464285714287,3.0,1.0,1991.4928571428572
268,269,12.28073688235294,44161764.705882356,204119945.17647058,131.05882352941177,7.082352941176471,1270.1176470588234,3.0,1.0,1996.8235294117646
269,270,20.087690375,59755793.76875,275124027.175,116.2625,6.9975,3570.375,2.9625,0.9875,1982.64375
270,271,14.232069260000001,50261000.0,302957941.1,123.8,7.154,2396.74,3.0,1.0,1991.0
271,272,30.6602047037037,130185185.18518518,663462084.7407408,128.14814814814815,7.277777777777778,5509.740740740741,3.0,1.0,2003.4814814814815
272,273,28.043046703125,71923859.375,442559428.625,122.015625,7.5234375,5014.1875,3.0,1.0,2001.9375
273,274,18.402639777777775,31229629.62962963,123744369.37037037,115.74074074074075,7.162962962962963,1912.7407407407406,3.0,1.0,1994.6296296296296
274,275,14.690102595744682,46754978.72340426,236873197.33333334,113.26950354609929,7.26241134751773,2522.971631205674,3.0,1.0,2002.3262411347519
275,276,11.88021092857143,36285714.28571428,115000294.85714285,104.5,6.4071428571428575,738.4285714285714,3.0,1.0,1993.9285714285713
276,277,30.755247724999997,92658750.0,455487503.875,124.675,6.865,4549.7,2.925,0.975,1955.125
277,278,12.718954621621622,5452658.783783784,79034269.48648648,112.78378378378379,7.278378378378378,1066.7297297297298,3.0,1.0,1973.6216216216217
278,279,18.549473666666668,45391025.64102564,296970432.82051283,122.76923076923077,6.928205128205128,2292.897435897436,3.0,1.0,1993.7435897435898
279,280,14.639543933333334,55916666.666666664,348088012.46666664,124.86666666666666,6.886666666666667,2019.3333333333333,3.0,1.0,1994.4666666666667
280,281,15.35312198245614,13100025.877192982,121371930.12280701,130.21052631578948,7.482456140350878,1387.9473684210527,3.0,1.0,1967.7894736842106
281,282,18.475385318181818,51521022.72727273,345245961.84090906,128.8181818181818,7.2,2837.931818181818,3.0,1.0,1993.25
282,283,14.027874363636363,27776159.78787879,200964784.7348485,115.03787878787878,7.19469696969697,1841.6136363636363,2.977272727272727,0.9924242424242424,1982.8939393939395
283,284,10.376780416666668,36627777.777777776,127467853.55555555,118.66666666666667,6.419444444444444,783.7777777777778,3.0,1.0,1994.9166666666667
284,285,10.929283325423729,21992236.501694914,107096280.83050847,105.03050847457627,6.569830508474576,988.6949152542373,3.0,1.0,1989.9525423728815
285,286,10.4678592,29006666.666666668,160427535.13333333,109.13333333333334,6.543333333333334,1053.1333333333334,3.0,1.0,1986.6666666666667
286,287,23.19525768361582,107063146.89265537,498443640.8135593,115.53107344632768,6.935028248587571,3969.2203389830506,3.0,1.0,2003.2429378531074
287,288,16.379749288461536,42192307.692307696,267826288.40384614,119.78846153846153,6.7192307692307685,1856.3461538461538,3.0,1.0,1993.6923076923076
288,289,8.56177707142857,41428571.428571425,136184606.57142857,104.35714285714286,6.585714285714286,568.1428571428571,3.0,1.0,1991.357142857143
289,290,17.1625725,66854347.82608695,298074349.1086956,121.02173913043478,6.930434782608696,3121.5434782608695,3.0,1.0,1996.8695652173913
290,291,12.988957183333333,30102042.3,168619476.01666668,117.11666666666666,7.121666666666667,1577.15,3.0,1.0,1987.6833333333334
291,292,13.388990474226803,33519351.335051548,196653855.19072166,115.29896907216495,6.9221649484536085,1665.3350515463917,3.0,1.0,1994.0618556701031
292,293,15.089783709090907,31663425.87272727,185926627.52727273,112.0909090909091,6.998181818181818,2015.6545454545455,3.0,1.0,1989.4727272727273
293,294,9.909443773413898,25091226.759818733,107081683.49848942,106.49244712990937,6.467673716012085,770.821752265861,3.0,1.001510574018127,1986.2945619335349
294,295,16.1005915030303,48266364.32121212,308898684.25454545,121.67272727272727,6.946666666666667,2446.7090909090907,3.0,1.0,1994.8666666666666
295,296,9.221947285714284,18085714.285714287,83771305.07142857,95.5,6.5928571428571425,410.7142857142857,3.0,1.0,1991.142857142857
296,297,16.408331447916666,21365229.177083332,127896403.42708333,111.72916666666667,7.355208333333334,1997.6666666666667,3.0,1.0,1984.5104166666667
297,298,17.502717096153848,32829378.826923076,181966670.57692307,115.90384615384616,7.592307692307693,3047.8846153846152,3.0,1.0,1997.5192307692307
298,299,7.85904867578125,10269505.1328125,25455859.1796875,108.78515625,6.798828125,577.3359375,3.0,1.0,1990.703125
299,300,17.192296633333335,69760000.0,309742520.0,129.5,6.9366666666666665,2280.233333333333,3.0,1.0,1994.0666666666666
300,301,8.7080328125,14656250.0,53840492.0,104.3125,6.51875,259.375,3.0,1.0,1987.625
301,302,12.528167291666668,39250000.0,350045033.125,117.79166666666667,6.795833333333333,1847.875,3.0,1.0,1992.7083333333333
302,303,17.447466333333335,30356801.282051284,249622519.33974358,119.85897435897436,7.274358974358974,2521.4423076923076,3.0,1.0,1991.6474358974358
303,304,15.07796688607595,17782503.16455696,132986848.87341772,123.43037974683544,7.273417721518988,1979.2278481012659,3.0,1.0,1991.2911392405063
304,305,22.4493914,17751500.0,135029914.95,118.9,7.290000000000001,1866.9,3.0,1.0,1988.0
305,306,10.518193341463416,20168454.85365854,110532592.5631929,114.87139689578714,6.7019955654102,820.2084257206209,3.0,1.0,1987.70066518847
306,307,15.871602840000001,26774395.0,90670782.44,117.84,7.377999999999999,2112.86,3.0,1.0,2002.14
307,308,13.121846,28888095.23809524,181999021.2142857,114.45238095238095,6.6380952380952385,1211.8095238095239,3.0,1.0,1992.8333333333333
308,309,17.79732342696629,24446682.325842697,164259709.69662923,124.26966292134831,7.40561797752809,2267.5280898876404,3.0,1.0,1988.5056179775281
309,310,10.011173071428571,19621428.57142857,83491577.28571428,112.71428571428571,6.857142857142857,663.6428571428571,3.0,1.0,1986.5
310,311,9.817734037868163,22427733.53436185,96723018.76577841,115.30434782608695,6.61374474053296,716.3632538569425,2.9957924263674616,0.9985974754558204,1980.2538569424964
311,312,12.558708898989899,32572584.479797978,154582802.12121212,115.18686868686869,6.797474747474748,1300.4040404040404,3.0,1.0,1992.6010101010102
312,313,14.250981246445496,50444790.502369665,252826763.78199053,120.09004739336493,6.848815165876776,1930.7725118483413,3.0,1.0,1996.5071090047393
313,314,38.67279,53332608.69565217,371466989.4347826,119.69565217391305,7.791304347826086,5512.086956521739,3.0,1.0,1999.2608695652175
314,315,11.243863368421053,34125789.473684214,140072834.21052632,110.36842105263158,6.373684210526315,1062.2894736842106,3.0,1.0,1996.6842105263158
315,316,20.761086887755102,90894389.37755102,459888638.122449,122.89795918367346,7.064285714285714,4386.969387755102,2.9693877551020407,0.9897959183673469,1982.0204081632653
316,317,24.696751199999998,48133333.333333336,345427157.8666667,126.13333333333334,7.033333333333333,2607.866666666667,3.0,1.0,1993.2
317,318,12.21217512195122,44716585.36585366,183722666.6097561,112.3170731707317,6.3585365853658535,1166.0,3.0,1.0,1995.0243902439024
318,319,14.251130714285713,49071428.571428575,228226453.14285713,122.71428571428571,6.814285714285715,1955.2142857142858,3.0,1.0,1993.5714285714287
319,320,26.0964065,43729950.0,262967435.15,128.825,7.8549999999999995,4223.275,3.0,1.0,1994.75
320,321,11.35545598076923,16927614.21153846,69071696.17307693,117.48076923076923,7.161538461538461,780.25,3.0,1.0,1985.673076923077
321,322,11.016207133333333,19363641.633333333,92192153.4,115.86666666666666,7.180000000000001,811.5,3.0,1.0,1975.0333333333333
322,323,11.6968631875,38203125.0,180061078.5625,127.9375,6.575,875.625,3.0,1.0,1989.9375
323,324,16.68030302857143,45554428.571428575,280900289.16190475,123.12380952380953,7.1380952380952385,2950.4761904761904,2.942857142857143,0.9809523809523809,1960.3333333333333
324,325,9.4099945,28842857.14285714,147967313.35714287,115.85714285714286,6.5,590.8571428571429,3.0,1.0,1990.142857142857
325,326,12.615551166666668,14059833.333333334,102887996.94444445,118.22222222222223,7.072222222222222,1059.2777777777778,3.0,1.0,1979.388888888889
326,327,17.65118525,46782431.81818182,269498382.09090906,114.88636363636364,6.9363636363636365,2299.409090909091,3.0,1.0,1995.9318181818182
327,328,11.772382661016948,18020963.118644066,123142887.33898304,108.22033898305085,7.136440677966102,1257.322033898305,2.9745762711864407,0.9915254237288136,1961.2796610169491
328,329,15.171188266666666,44273333.333333336,283622831.06666666,118.66666666666667,6.739999999999999,1848.6,3.0,1.0,1992.6666666666667
329,330,11.451808893939393,24823504.90909091,134072156.37878788,119.74242424242425,7.128787878787879,1243.878787878788,3.0,1.0,1987.5151515151515
330,331,12.223524176470589,21688235.29411765,105042933.70588236,111.47058823529412,6.382352941176471,756.0588235294117,3.0,1.0,1991.3529411764705
331,332,12.12408759090909,43181818.18181818,228821131.1818182,112.95454545454545,6.5590909090909095,1830.1818181818182,3.0,1.0,1996.5454545454545
332,333,19.462346910714285,60871071.428571425,365277798.5,120.08928571428571,7.455357142857143,3800.8571428571427,3.0,1.0,2002.5357142857142
333,334,33.08679352173913,63069565.26086956,343194831.73913044,127.95652173913044,7.943478260869565,5938.521739130435,3.0,1.0,1998.5652173913043
334,335,13.9235953125,12568875.0,89267152.4375,131.9375,6.8875,965.9375,3.0,1.0,1975.6875
335,336,13.015595952380952,8529047.61904762,104007102.04761904,123.9047619047619,7.319047619047619,1342.2380952380952,3.0,1.0,1967.904761904762
336,337,13.51786242857143,16253571.42857143,154333975.85714287,108.07142857142857,6.5,1490.642857142857,3.0,1.0,1985.9285714285713
337,338,19.316995871794873,37769230.76923077,288721907.3076923,122.97435897435898,7.015384615384616,2375.230769230769,3.0,1.0,1993.4871794871794
338,339,20.954283712328767,54946514.76712329,289911488.4520548,131.2876712328767,7.258904109589041,3689.72602739726,3.0,1.0,1998.986301369863
339,340,17.91623322222222,44485389.74074074,223619357.4074074,116.55555555555556,6.707407407407407,2795.259259259259,2.888888888888889,0.9629629629629629,1918.7037037037037
340,341,10.514951666666667,27000000.0,76116384.06666666,134.2,7.166666666666667,443.8666666666667,3.0,1.0,1986.0
341,342,13.261002907692308,13164824.561538462,98902577.93076923,123.29230769230769,7.407692307692308,1221.8923076923077,3.0,1.0,1979.423076923077
342,343,12.22179672413793,25298275.862068966,163972264.68965518,114.10344827586206,6.9655172413793105,1494.1379310344828,3.0,1.0,1993.8275862068965
343,344,14.594111650406504,24518130.32520325,168045333.5284553,119.14634146341463,6.980487804878049,1568.2276422764228,3.0,1.0,1989.5853658536585
344,345,14.950367912751679,30337623.812080536,210978761.97986576,118.0,7.17986577181208,2048.046979865772,3.0,1.0,1992.0604026845638
345,346,11.778436369565217,26896686.95652174,128081826.31304348,108.27391304347826,6.683478260869565,1206.804347826087,2.9869565217391303,0.9956521739130435,1978.9695652173914
346,347,27.661152133333335,123756666.66666667,934018566.4,151.73333333333332,7.680000000000001,6694.933333333333,3.0,1.0,1999.0
347,348,15.91237991891892,8895486.486486487,77061698.0,117.83783783783784,7.354054054054055,1453.5135135135135,3.0,1.0,1987.2972972972973
348,349,10.2663043125,32606250.0,254946725.875,115.4375,7.05,2154.25,3.0,1.0,1993.625
349,350,13.506333512820513,33397162.871794872,172635232.82051283,116.76923076923077,6.936752136752137,1718.854700854701,3.0,1.0,1992.923076923077
350,351,11.456434571428572,12334649.107142856,67930414.85714285,114.82142857142857,7.057142857142857,915.0357142857143,3.0,1.0,1979.4642857142858
351,352,24.884532068965516,50868581.01724138,316057347.2586207,116.37931034482759,7.582758620689655,4007.896551724138,2.9482758620689653,0.9827586206896551,1962.7586206896551
352,353,12.952856321428571,45498282.1510989,189825998.9752747,112.42582417582418,6.582417582417582,1556.0027472527472,3.0,1.0,1995.4395604395604
353,354,15.637859166666667,35694444.44444445,252762906.80555555,118.52777777777777,7.091666666666667,1989.3333333333333,3.0,1.0,1992.4722222222222
354,355,16.794308055813953,42004613.95348837,243217230.29302326,120.57674418604651,7.155348837209303,2462.860465116279,3.0,1.0,1992.1023255813955
355,356,8.736197214285713,22750000.0,36539943.5,109.14285714285714,6.392857142857143,276.42857142857144,3.0,1.0,1996.357142857143
356,357,12.229378666666667,25834619.04761905,220504007.42857143,103.0952380952381,6.785714285714286,1614.7142857142858,3.0,1.0,1993.7619047619048
357,358,10.321469589327146,19852844.317865428,99720180.74013922,111.87006960556845,6.74292343387471,787.1020881670534,2.9976798143851506,1.0,1985.3433874709976
358,359,17.84587053125,25035312.5,132805312.65625,121.4375,7.23125,1925.125,3.0,1.0,1990.75
359,360,14.413114346153845,20475651.846153848,144126651.26923078,120.0,7.342307692307693,2209.230769230769,3.0,1.0,1984.4615384615386
360,361,11.421724938775512,32366326.530612245,131544097.91836734,112.34693877551021,6.324489795918367,1014.0816326530612,3.0,1.0,1994.0408163265306
361,362,18.107144240963855,23736035.51807229,124552620.14457831,117.37349397590361,7.409638554216867,2279.3493975903616,3.0,1.0,1990.9036144578313
362,363,11.178180757142858,20899786.62142857,110938856.57142857,103.98571428571428,6.758571428571429,1107.7642857142857,2.9785714285714286,0.9928571428571429,1969.8285714285714
363,364,33.27127144,70498000.0,417837412.16,139.88,7.327999999999999,3534.68,3.0,1.0,2001.24
364,365,18.08526326530612,50413469.3877551,315088657.3877551,119.18367346938776,6.842857142857143,2327.714285714286,3.0,1.0,1991.061224489796
365,366,12.640476391304347,38173913.04347826,157878974.91304347,106.04347826086956,6.608695652173913,1573.7391304347825,3.0,1.0,1995.304347826087
366,367,12.747975516556291,45311855.46357616,152499412.40397352,113.03311258278146,6.559602649006623,1399.728476821192,3.0,1.0,1993.6490066225165
367,368,21.820304357142856,29428571.42857143,312997250.21428573,125.64285714285714,7.392857142857143,2423.285714285714,3.0,1.0,1985.642857142857
368,369,19.8687012,48857142.85714286,326957618.14285713,125.2,6.988571428571428,2430.342857142857,3.0,1.0,1993.5142857142857
369,370,16.12754734285714,33669400.114285715,208435384.5,119.0,6.997142857142857,2162.4714285714285,3.0,1.0,1990.7714285714285
370,371,21.105802517857143,70451339.28571428,349869864.8125,126.90178571428571,7.163392857142857,3401.410714285714,2.9732142857142856,0.9910714285714286,1986.3125
371,372,8.504899347826086,4107826.086956522,46406360.91304348,104.69565217391305,7.3,489.39130434782606,3.0,1.0,1968.0434782608695
372,373,11.505724555555556,15496900.392156864,92846972.33986928,109.98692810457516,6.854901960784313,980.4836601307189,3.0,1.0,1990.7254901960785
373,374,12.24027043478261,42928260.86956522,210441097.26086956,110.0,6.539130434782609,1611.2173913043478,3.0,1.0,1994.2173913043478
374,375,22.316099823529413,44058823.52941176,323095373.9411765,124.70588235294117,7.111764705882353,2541.1176470588234,3.0,1.0,1993.0
375,376,14.594518341463417,20197317.073170733,108628169.19512194,129.609756097561,7.390243902439025,1414.878048780488,3.0,1.0,1978.341463414634
376,377,11.28824105882353,39823529.4117647,91958609.0,97.88235294117646,6.088235294117647,833.5882352941177,3.0,1.0,1993.1764705882354
377,378,16.138880078431374,18713286.480392158,94348198.29411764,114.6470588235294,7.435294117647058,2298.9117647058824,2.9901960784313726,1.0,1999.2058823529412
378,379,21.427925000000002,44948979.591836736,241180460.04081634,125.55102040816327,7.2693877551020405,3049.673469387755,3.0,1.0,1994.9183673469388
379,380,11.912548517473118,42083287.635752685,148793921.04435483,113.18279569892474,6.61505376344086,1295.59811827957,2.995967741935484,0.9986559139784946,1995.4852150537633
380,381,12.45586922077922,39502597.415584415,204600310.35064936,114.71428571428571,6.54025974025974,1448.1298701298701,2.961038961038961,0.987012987012987,1967.0389610389611
381,382,12.4982310913242,47666039.73972603,221091485.75799087,111.96347031963471,6.870776255707763,1695.0913242009133,3.0,1.0,1998.054794520548
382,383,9.73371834883721,30856976.744186047,131409330.44186047,113.20930232558139,6.655813953488372,805.6046511627907,3.0,1.0,1994.2790697674418
383,384,13.925175991150443,52288855.93215339,220126200.16519174,114.82890855457227,6.4976401179940995,1772.9085545722714,3.0,1.0,1997.1297935103246
384,385,15.114896391304347,36181884.057971016,189363410.13043478,120.72463768115942,6.740579710144928,1522.1159420289855,3.0,1.0,1993.6376811594203
385,386,11.474944261904762,30413928.57142857,148019254.6547619,115.69047619047619,6.64047619047619,1126.0714285714287,3.0,1.0,1994.452380952381
386,387,8.993139856410256,5595067.543589744,38586643.81025641,116.75897435897436,7.1923076923076925,477.10769230769233,3.0,1.0,1962.9794871794873
387,388,10.878421167870036,22084337.967509024,94938503.12093863,117.05054151624549,6.7927797833935015,901.0992779783394,2.9945848375451263,1.0,1990.6371841155235
388,389,11.070852685714286,37757142.85714286,145824417.08571428,112.22857142857143,6.145714285714286,823.2,3.0,1.0,1994.6857142857143
389,390,12.473239831775702,32694859.81308411,147971962.06542057,113.5607476635514,6.371028037383178,1143.2056074766356,3.0,1.0,1994.3738317757009
390,391,10.446857734177216,10882482.51898734,88800109.84810127,125.43037974683544,7.184810126582279,907.1772151898734,3.0,1.0,1988.1012658227849
391,392,9.290946411764706,24228235.29411765,70965312.35294117,100.76470588235294,6.641176470588235,775.2352941176471,3.0,1.0,1987.4117647058824
392,393,11.602674457142857,26391097.8,125611515.22857143,120.4,6.997142857142857,1216.3142857142857,3.0,1.0,1989.7142857142858
393,394,11.701893685314685,19409729.37062937,129479686.6013986,113.06293706293707,6.988811188811189,1464.090909090909,2.958041958041958,0.986013986013986,1955.6853146853148
394,395,16.22988025,28635625.0,230606557.8125,123.375,7.24375,2528.75,3.0,1.0,1982.5625
395,396,11.568052316326531,31049881.86734694,159672857.96938777,112.16326530612245,6.364285714285715,1023.8469387755102,3.0,1.0,1992.561224489796
396,397,10.254680658536586,39134224.92682927,112042503.43902439,103.3170731707317,6.314634146341463,1043.9268292682927,3.0,1.0,2002.0
397,398,10.751062270270271,34135135.13513514,168717249.3243243,107.51351351351352,6.710810810810811,1412.5405405405406,3.0,1.0,1990.2972972972973
398,399,13.485041214285715,27928571.42857143,311645967.78571427,119.71428571428571,7.328571428571428,2795.785714285714,3.0,1.0,1993.0
399,400,18.5570183,46381250.0,289979302.6,123.125,6.9825,2338.2,3.0,1.0,1993.7
400,401,16.65984916,25811000.0,181089460.88,109.9,6.992000000000001,2015.46,3.0,1.0,1985.14
401,402,18.90784912556054,83956178.02242152,383558666.05829597,116.847533632287,6.825560538116592,3181.4304932735427,2.9730941704035874,0.9910313901345291,1986.1569506726457
402,403,21.7040266875,18625434.75,123896666.75,114.0625,7.4,2150.8125,3.0,1.0,1988.375
403,404,13.200659884615384,36576923.07692308,209707341.42307693,120.42307692307692,6.996153846153846,1956.1153846153845,3.0,1.0,1993.3076923076924
404,405,9.974602472222223,23933700.878472224,110872600.32291667,118.98611111111111,6.734722222222222,717.4895833333334,3.0,1.0,1982.6458333333333
405,406,16.757853843137255,20627210.352941178,159454044.6862745,120.23529411764706,7.645098039215686,2195.156862745098,3.0,1.0,1978.0588235294117
406,407,9.788950977876105,18069580.296460178,80000910.34955752,117.74778761061947,6.904424778761062,854.8716814159292,3.0,1.0,1995.1725663716813
407,408,12.721184812903227,19210157.412903227,116729110.01290323,113.72258064516129,7.073548387096775,1328.5677419354838,3.0,1.0,1989.7548387096774
408,409,14.555674228571428,20730771.42857143,105351299.85714285,115.68571428571428,7.0685714285714285,1506.2285714285715,3.0,1.0,1993.4857142857143
409,410,28.51543626315789,40215789.473684214,346424046.84210527,126.63157894736842,7.505263157894737,4284.263157894737,3.0,1.0,1992.9473684210527
410,411,21.663724944444443,15482497.111111112,181646370.44444445,133.55555555555554,7.7555555555555555,2692.722222222222,3.0,1.0,1982.611111111111
411,412,13.217341875816993,48032862.74509804,192290731.38562092,113.98692810457516,6.563398692810458,1505.7450980392157,3.0,1.0,1997.9346405228757
412,413,11.737291133333335,41240000.0,205286568.26666668,121.53333333333333,6.573333333333333,854.7333333333333,3.0,1.0,1995.5333333333333
413,414,7.233664410714286,15790178.57142857,49731502.41071428,110.92857142857143,6.380357142857143,402.25,3.0,1.0,1987.9642857142858
414,415,22.886409166666667,52333333.333333336,363196625.5,131.61111111111111,7.122222222222222,2508.222222222222,3.0,1.0,1993.3333333333333
415,416,13.695098702702703,36857951.66216216,217768204.97297296,115.74324324324324,6.4972972972972975,1292.2297297297298,3.0,1.0,1993.054054054054
416,417,13.91566312371134,39100038.422680415,220899149.17525774,121.20618556701031,7.154639175257732,1894.298969072165,3.0,1.0,1990.9072164948454
417,418,15.459546179487178,64578633.83760684,346530336.4102564,118.76068376068376,6.787179487179487,2356.5384615384614,3.0,1.0,1997.6324786324785
418,419,13.676015514285714,42481433.114285715,240304187.31428573,118.2,6.942857142857143,1725.5142857142857,3.0,1.0,1994.9142857142858
419,420,12.732406088235294,10377422.794117646,94230147.63235295,118.26470588235294,7.457352941176471,1198.985294117647,3.0,1.0,1974.735294117647
420,421,13.92434090625,38375000.0,224610214.03125,117.875,6.8,1669.71875,3.0,1.0,1993.8125
421,422,16.037464084745764,24108568.949152544,176840906.01694915,112.32203389830508,7.252542372881355,2097.728813559322,3.0,1.0,1993.2203389830509
422,423,14.242980421487603,24381189.7107438,118616415.75619835,110.57438016528926,7.221487603305785,1701.814049586777,2.9628099173553717,0.987603305785124,1964.5206611570247
423,424,9.626485238095238,19446849.904761903,82958480.38095239,105.9047619047619,7.133333333333334,860.9047619047619,3.0,1.0,1992.857142857143
424,425,20.208410710526316,41614473.684210524,317701433.6052632,122.97368421052632,7.45,3558.1052631578946,3.0,1.0,1993.1315789473683
425,426,17.089628536723165,73507997.61581922,352529734.1129944,122.4180790960452,6.944067796610169,3056.135593220339,2.983050847457627,0.9943502824858758,1989.7853107344633
426,427,7.816715234146342,13536689.692682927,60872928.409756094,107.72195121951219,6.862926829268293,633.3512195121951,2.9902439024390244,1.0,1999.6731707317074
427,428,21.49855773275862,54989456.89655172,388747002.3534483,119.44827586206897,7.326724137931034,3759.689655172414,3.0,1.0,1993.9568965517242
428,429,11.588068777777778,15738888.888888888,54699861.38888889,111.88888888888889,6.944444444444445,806.3333333333334,3.0,1.0,1999.0
429,430,14.003219591549296,28345386.962441314,142973760.04225352,113.85446009389672,7.234272300469484,1738.056338028169,3.0,1.0,1993.2300469483569
430,431,14.218496529411764,30839580.336898394,180193515.04812834,120.54545454545455,7.236898395721925,1871.9732620320856,3.0,1.0,1990.614973262032
431,432,18.322961976744185,28767441.860465117,141903473.41860464,118.48837209302326,7.334883720930232,2615.186046511628,3.0,1.0,1996.9302325581396
432,433,18.654903405797103,51247389.492753625,281240580.4130435,120.7536231884058,7.335507246376811,3355.6884057971015,3.0,1.0,2000.4202898550725
433,434,12.095073917910447,17025975.93283582,101935610.74626866,117.4776119402985,7.1537313432835825,1113.686567164179,3.0,1.0,1987.3880597014925
434,435,17.48697125,40815625.0,319967768.5,110.625,7.0,2656.8125,2.8125,0.9375,1859.75
435,436,9.934769209302326,2682523.7906976743,28386372.06976744,120.09302325581395,7.309302325581395,721.2325581395348,3.0,1.0,1969.6744186046512
436,437,21.4209114375,38918750.0,246459141.9375,122.75,7.125,1801.875,3.0,1.0,1993.1875
437,438,34.48532828571429,59942857.14285714,375935818.28571427,141.42857142857142,8.1,6635.5,3.0,1.0,2001.142857142857
438,439,12.393503428571428,30862524.851648353,135166523.86813188,115.02747252747253,6.786263736263736,1292.9615384615386,3.0,1.0,1989.131868131868
439,440,22.33536517857143,41803571.428571425,320579631.96428573,122.5,7.421428571428572,3396.6428571428573,3.0,1.0,1993.5
440,441,15.035624452380953,21339847.05952381,175337465.23809522,121.63095238095238,7.3047619047619055,1924.9880952380952,3.0,1.0,1992.3333333333333
441,442,15.813887006369427,37691343.62420382,261972690.7388535,117.22292993630573,7.081528662420382,2210.331210191083,3.0,1.0,1990.5350318471337
442,443,26.25696728571429,37223214.28571428,280880980.14285713,123.60714285714286,7.771428571428571,4099.571428571428,3.0,1.0,1994.9285714285713
443,444,11.517687357142858,19585714.285714287,71926362.71428572,118.0,6.678571428571429,653.7142857142857,3.0,1.0,1984.2142857142858
444,445,11.215843928571429,39732142.85714286,133545765.14285715,109.85714285714286,6.3,903.8571428571429,3.0,1.0,1993.9285714285713
445,446,33.36939564705882,125865622.23529412,729851858.2352941,145.05882352941177,7.5058823529411764,6022.470588235294,3.0,1.0,2005.5294117647059
446,447,14.6771636,37167500.0,162630001.36666667,116.2,6.571666666666667,1268.25,3.0,1.0,1993.8166666666666
447,448,28.341082285714286,82000000.0,615522056.5714285,126.07142857142857,7.75,6799.714285714285,3.0,1.0,1997.142857142857
448,449,17.1892654375,35125000.0,294230628.6875,117.6875,7.0875,2798.6875,3.0,1.0,1993.4375
449,450,20.36228007142857,30552916.666666668,146811187.4642857,123.0,7.676190476190476,3267.0119047619046,2.9642857142857144,0.9880952380952381,1968.1785714285713
450,451,14.986372583333333,15229444.444444444,88863067.80555555,109.38888888888889,7.105555555555556,1158.138888888889,3.0,1.0,1990.111111111111
451,452,9.239354589114194,19226781.547491997,78355377.57097119,114.73105656350053,6.715688367129136,636.3094983991463,3.001067235859125,1.0,1988.6296691568837
452,453,12.31973105,61975000.0,256634122.4,118.23333333333333,6.385000000000001,1555.3333333333333,3.0,1.0,1994.8833333333334
453,454,37.277113111111106,31202777.777777776,232412293.3888889,134.38888888888889,8.105555555555556,5281.888888888889,3.0,1.0,1993.2777777777778
454,455,20.81647038095238,47247619.047619045,292604397.52380955,128.28571428571428,7.133333333333334,2471.2380952380954,3.0,1.0,1995.2380952380952
455,456,28.1713515,87268478.26086956,592211893.0217391,129.8695652173913,7.434782608695652,5275.521739130435,3.0,1.0,1999.1521739130435
456,457,14.26554854509018,34623835.671342686,175802529.38877755,112.66533066132264,6.85310621242485,1794.8356713426854,2.993987975951904,0.9979959919839679,1991.945891783567
457,458,21.899350792452832,54041509.43396226,386156081.3584906,130.1509433962264,7.3,3717.754716981132,3.0,1.0,1993.754716981132
458,459,14.821037266666668,39340000.0,259604500.73333332,117.8,6.933333333333334,1866.6666666666667,3.0,1.0,1992.6
459,460,12.539535575757576,17858303.106060605,106762636.15151516,109.08585858585859,7.25050505050505,1430.5959595959596,3.0,1.0,1990.8737373737374
460,461,12.52702113963039,31355775.971252568,151670409.47638604,114.90759753593429,6.798357289527721,1326.7843942505133,3.0,1.0,1991.0369609856264
461,462,12.900273771428573,29147142.85714286,193156290.62857142,117.05714285714286,6.8028571428571425,1247.2,3.0,1.0,1993.6857142857143
462,463,12.97811648816568,29957153.319526628,164174415.0147929,117.03550295857988,6.946745562130178,1417.8639053254437,3.0,1.0,1990.4792899408285
463,464,11.931835619047618,39919047.61904762,184934458.19047618,109.52380952380952,6.4,1041.5714285714287,3.0,1.0,1993.4761904761904
464,465,9.025804851851852,16624074.074074075,72559875.1111111,110.29629629629629,6.644444444444445,685.074074074074,3.0,1.0,1996.1851851851852
465,466,14.192459417218544,28251281.53642384,178408594.69536424,110.66887417218543,7.119205298013245,1628.430463576159,3.0,1.0,1981.9337748344371
466,467,11.052283795454544,23188500.0,146285210.9090909,120.27272727272727,6.8568181818181815,1086.5454545454545,3.0,1.0,1991.7727272727273
467,468,11.146707633444075,27364083.895902548,126663660.33554818,111.88261351052049,7.052048726467331,1178.031007751938,3.001107419712071,1.0,1982.1295681063123
468,469,9.362083214285715,21321428.57142857,59980713.71428572,101.85714285714286,6.078571428571428,501.42857142857144,2.7857142857142856,0.9285714285714286,1845.7142857142858
469,470,13.001480708333332,17051505.458333332,59808872.604166664,106.97916666666667,7.172916666666667,956.625,3.0,1.0,1977.0416666666667
470,471,14.928113913907284,38028869.82781457,252669403.72847682,115.99337748344371,6.8350993377483436,2094.4701986754967,3.0,1.0,1988.0728476821191
471,472,10.252578194492255,16756673.182444062,80999170.17211704,110.67986230636834,7.01118760757315,874.8347676419966,2.989672977624785,0.9965576592082617,1978.4406196213424
472,473,22.60109079245283,77065377.35849057,379087508.6792453,120.94339622641509,6.9245283018867925,3500.0377358490564,3.0,1.0,2002.245283018868
473,474,14.663836464285714,8968742.857142856,118658730.71428572,123.46428571428571,7.489285714285714,1319.5357142857142,3.0,1.0,1973.3214285714287
474,475,17.919546733624454,85846827.94978166,337502412.65938866,117.37336244541484,6.718777292576418,3065.0917030567684,2.980349344978166,0.9934497816593887,1993.419213973799
475,476,13.6903379375,38355000.0,149051896.0,116.84375,6.8,1553.84375,3.0,1.0,1995.34375
476,477,13.328364928571428,45500000.0,199532515.35714287,107.07142857142857,6.2,914.2857142857143,3.0,1.0,1990.2142857142858
477,478,24.73623737254902,66081372.549019605,386560495.6862745,134.2941176470588,7.623529411764706,4922.745098039216,3.0,1.0,2003.9803921568628
478,479,21.455190913043477,58486956.52173913,391785126.3043478,121.59420289855072,7.242028985507246,4033.057971014493,3.0,1.0,1998.0144927536232
479,480,15.684274125000002,53538740.15151515,258739584.75757575,117.13636363636364,7.010984848484849,2443.996212121212,2.9886363636363638,0.9962121212121212,1993.9128787878788
480,481,14.469466645901639,34624506.295081966,173106960.3147541,117.12459016393443,7.279672131147541,1969.27868852459,2.980327868852459,0.9934426229508196,1980.2196721311475
481,482,10.955959365853658,12399462.146341464,112826077.2195122,98.36585365853658,7.104878048780488,1116.4878048780488,3.0,1.0,1966.439024390244
482,483,24.705080265060243,77100602.40963855,426842105.38554215,127.27710843373494,7.459036144578313,4894.891566265061,3.0,1.0,2001.3493975903614
483,484,12.253163428571428,35400000.0,207038915.35714287,113.92857142857143,6.678571428571429,1327.357142857143,3.0,1.0,1993.642857142857
484,485,11.449818142857142,39785714.28571428,134201289.21428572,122.92857142857143,6.885714285714286,613.0714285714286,3.0,1.0,1992.642857142857
485,486,24.86106728125,52168021.041666664,310901512.3229167,109.71875,7.265625,3357.8125,3.0,1.0,1999.8541666666667
486,487,12.055189443396227,26844339.62264151,127796679.16037735,112.45283018867924,6.481132075471698,980.811320754717,3.0,1.0,1994.2924528301887
487,488,14.591206702702703,28280817.162162162,135684137.7027027,117.21621621621621,7.205405405405406,1922.4324324324325,3.0,1.0,1996.4324324324325
488,489,14.124549375,13854524.25,149347406.8125,116.125,7.18125,1552.625,3.0,1.0,1978.5625
489,490,13.350135733333333,46466666.666666664,232815690.73333332,123.86666666666666,6.819999999999999,1376.4,3.0,1.0,1995.4666666666667
490,491,11.369202318181818,25832045.454545453,122854093.27272727,108.79545454545455,6.6477272727272725,1107.7954545454545,3.0,1.0,1995.409090909091
491,492,6.886954215686274,6602763.509803922,22005161.470588237,115.25490196078431,6.952941176470588,262.0980392156863,2.9411764705882355,0.9803921568627451,1950.8235294117646
492,493,11.213922246753246,20458374.64935065,121374996.66233766,114.49350649350649,6.941558441558442,992.8441558441558,3.0,1.0,1985.974025974026
493,494,20.852382907407407,34411548.11111111,184421008.12962964,126.9074074074074,7.537037037037037,3029.6296296296296,3.0,1.0,1990.537037037037
494,495,15.642696647058823,58411764.705882356,338176588.9411765,133.52941176470588,7.041176470588235,1979.235294117647,3.0,1.0,1993.4705882352941
495,496,11.937685181818182,36539772.72727273,194252613.4318182,115.7159090909091,6.5397727272727275,1169.9204545454545,3.0,1.0,1993.8977272727273
496,497,11.631296315068493,12956036.520547945,104519354.38356164,119.28767123287672,7.1726027397260275,1022.1232876712329,3.0,1.0,1986.2602739726028
497,498,12.090072214285714,46185714.28571428,254100682.92857143,117.14285714285714,6.942857142857143,1937.9285714285713,3.0,1.0,1990.7142857142858
498,499,15.75441147826087,11236489.652173912,103259487.2173913,118.43478260869566,7.613043478260869,1676.7826086956522,3.0,1.0,1969.8260869565217
499,500,14.689314626436781,39768012.109195404,256535728.0229885,111.4367816091954,6.908620689655172,2147.9080459770116,3.0,1.0,1995.9827586206898
500,501,15.377444908450705,38060529.82394366,206991056.01408452,111.63380281690141,7.288028169014085,2618.8169014084506,3.0,1.0,2001.6901408450703
501,502,15.568081696202531,19451607.59493671,103101574.78481013,114.53164556962025,7.044303797468355,1586.126582278481,2.962025316455696,0.9873417721518988,1965.746835443038
502,503,26.292955133333336,49930266.666666664,467086773.3333333,130.73333333333332,7.8133333333333335,4849.066666666667,3.0,1.0,1991.9333333333334
503,504,11.998646125,58000000.0,177838638.625,122.625,6.54375,1107.625,3.0,1.0,1997.9375
504,505,12.017854304347827,14485622.981884059,107711473.32246377,119.40579710144928,7.385869565217392,1127.3442028985507,3.0,1.0,1973.5833333333333
505,506,14.872385642857143,43107142.85714286,206303108.0,109.5,6.671428571428572,1873.2142857142858,3.0,1.0,1992.2142857142858
506,507,13.323272115384615,41859615.384615384,224803902.23076922,113.34615384615384,6.761538461538462,1519.3076923076924,3.0,1.0,1993.4615384615386
507,508,19.22667090909091,32204545.454545453,281028935.45454544,123.93939393939394,7.136363636363637,2310.848484848485,3.0,1.0,1993.3636363636363
508,509,10.074327159442724,18416896.29102167,83612384.41021672,114.54798761609906,6.828482972136222,780.9953560371517,3.0,1.0,1990.017027863777
509,510,12.858111794642857,13749880.86607143,104041739.25892857,119.30357142857143,7.123214285714285,1137.392857142857,3.0,1.0,1990.3392857142858
510,511,10.386706238095238,14851285.714285715,65471854.38095238,110.9047619047619,6.623809523809523,790.6190476190476,2.857142857142857,0.9523809523809523,1899.047619047619
511,512,19.395989222222223,67555555.55555555,343406355.1111111,124.72222222222223,7.422222222222222,4536.444444444444,3.0,1.0,2001.0
512,513,25.796798000000003,41733333.333333336,350289578.6,128.8,7.3,3301.4,3.0,1.0,1992.8666666666666
513,514,11.664466437262357,12289326.212927757,72343832.80608365,112.44106463878327,6.99467680608365,934.8365019011407,2.988593155893536,0.9961977186311787,1977.6692015209126
514,515,19.65820647826087,50760869.56521739,266085870.39130434,123.21739130434783,6.6521739130434785,1820.7391304347825,3.0,1.0,1996.1739130434783
515,516,13.501317499999999,33503366.53846154,173414504.46153846,115.99038461538461,6.543269230769231,1286.0673076923076,3.0,1.0,1994.0192307692307
516,517,14.57717024137931,47310344.827586204,337400139.82758623,120.48275862068965,6.862068965517241,2143.2758620689656,3.0,1.0,1993.2758620689656
517,518,9.6986734048583,19935720.59716599,95415576.65587045,106.23684210526316,6.329757085020243,688.2914979757085,3.0,1.0,1989.01012145749
518,519,18.070358410714285,27053701.464285713,156755470.30357143,116.38392857142857,7.571428571428571,2713.6339285714284,3.0,1.0,1992.5625
519,520,17.70967742990654,44575775.70093458,280549748.8785047,122.34579439252336,7.276635514018692,2780.7570093457944,3.0,1.0,1993.233644859813
520,521,21.12758676470588,34665588.23529412,152044000.3529412,125.20588235294117,7.114705882352942,2785.1176470588234,2.911764705882353,0.9705882352941176,1929.3235294117646
521,522,16.39755262857143,46039428.571428575,221276812.50285715,120.64571428571429,6.9314285714285715,2677.0,3.0,1.0,1999.8285714285714
522,523,17.54722015909091,46861931.81818182,336768597.375,124.32954545454545,7.146590909090909,2846.875,2.965909090909091,0.9886363636363636,1970.3295454545455
523,524,20.180206022727273,52953411.65909091,283976517.1136364,120.5909090909091,7.045454545454546,3018.431818181818,3.0,1.0,1996.2727272727273
524,525,14.923711322916667,38226817.947916664,224891998.8125,116.15625,6.688541666666667,2086.3229166666665,3.0,1.0,1988.3333333333333
525,526,26.392539055555556,92888888.8888889,464644984.0555556,120.77777777777777,7.372222222222222,4900.388888888889,3.0,1.0,2005.5555555555557
526,527,16.514972382978723,33002659.574468084,247209268.32978722,123.65957446808511,7.195744680851064,2395.436170212766,2.9680851063829787,0.9893617021276596,1967.7553191489362
527,528,16.068937386363636,29087134.09090909,165686881.57954547,116.3409090909091,7.0636363636363635,1944.875,3.0,1.0,1993.625
528,529,9.343140983412322,10006703.24170616,70194383.38862559,116.18957345971565,7.029383886255925,624.2464454976304,3.0,1.0,1977.850710900474
529,530,12.744728166666667,44728703.7037037,236471574.66666666,114.68518518518519,6.635185185185185,1615.037037037037,3.0,1.0,1994.4259259259259
530,531,15.946186239130435,46542653.902173914,294965117.5,109.6195652173913,6.880434782608695,2441.141304347826,2.967391304347826,0.9891304347826086,1972.2608695652175
531,532,15.231385085714285,45545714.28571428,304790938.4285714,128.54285714285714,6.92,2443.885714285714,3.0,1.0,1992.5428571428572
532,533,13.623257122807019,28426684.710526317,166252740.86842105,118.01754385964912,7.053508771929825,1573.421052631579,3.0,1.0,1984.6842105263158
533,534,11.400961976415095,37359344.33962264,147797852.85849056,114.00471698113208,6.479716981132076,981.0518867924528,3.0,1.0,1994.8915094339623
534,535,17.121553704545452,45301136.36363637,291083668.5681818,121.3409090909091,6.85,2143.4772727272725,3.0,1.0,1993.4772727272727
535,536,9.644941605263158,22305618.60526316,99245043.75,111.5,6.277631578947369,699.8684210526316,3.0,1.0,1993.6315789473683
536,537,11.86730863551402,11512869.373831775,85133854.87850468,116.09813084112149,7.2556074766355145,941.1448598130842,2.985981308411215,0.9953271028037384,1969.3878504672898
537,538,24.416425529411764,51764705.88235294,275565412.7647059,125.41176470588235,7.011764705882353,2540.764705882353,3.0,1.0,1993.5294117647059
538,539,13.990654611111111,10625000.0,71713430.44444445,130.44444444444446,7.522222222222222,1590.6666666666667,3.0,1.0,1984.7777777777778
539,540,9.584686714285713,47642857.14285714,186928434.0,109.0,6.135714285714286,1369.0,3.0,1.0,1997.142857142857
540,541,17.75691345,39429986.35,183559308.45,121.35,6.970000000000001,2162.3,3.0,1.0,1991.8
541,542,20.873877863636363,85568181.81818181,434668357.8863636,124.31818181818181,6.929545454545454,3680.590909090909,2.9318181818181817,0.9772727272727273,1952.2272727272727
542,543,12.34662975,44542187.5,189204731.96875,108.28125,6.234375,1189.0,3.0,1.0,1994.0625
543,544,14.734168887700534,30155868.64171123,139713088.56149733,120.44919786096257,7.216042780748664,2156.251336898396,2.935828877005348,0.9786096256684492,1956.2459893048128
544,545,10.355676828125,11508750.0,88697627.078125,116.203125,7.15625,822.4375,2.984375,1.0,1986.359375
545,546,16.747722155555557,38942888.88888889,186121555.93333334,119.55555555555556,7.235555555555556,2635.488888888889,3.0,1.0,1993.8666666666666
546,547,8.116089475194261,12801469.034668261,55473095.79557681,111.58039450089659,6.812014345487149,506.4082486551106,2.9970113568439927,0.9994022713687986,1981.6933652121936
547,548,14.339851260416665,25572677.083333332,151880592.89583334,115.58333333333333,6.829166666666667,1345.6354166666667,3.0,1.0,1993.2083333333333
548,549,8.529423466666666,21766666.666666668,45919521.6,102.6,6.653333333333333,374.3333333333333,3.0,1.0,1992.3333333333333
549,550,13.337086436170212,49172872.34042553,209494397.29787233,121.73404255319149,6.665957446808511,1497.2021276595744,3.0,1.0,1995.7978723404256
550,551,10.75182133898305,24206786.830508474,154387997.2542373,105.38983050847457,6.444067796610169,1055.084745762712,3.0,1.0,1987.677966101695
551,552,19.87497646153846,34807692.307692304,299686980.6923077,116.53846153846153,6.8538461538461535,2413.5,3.0,1.0,1992.423076923077
552,553,19.649324614285717,86522631.33571428,409134772.67142856,125.47142857142858,7.165714285714286,4091.7357142857145,2.9571428571428573,0.9857142857142858,1973.2
553,554,12.800932045454545,21675000.0,139855477.5,117.45454545454545,6.884090909090909,1470.8181818181818,3.0,1.0,1987.1818181818182
554,555,13.969223903846153,22076925.384615384,154423315.19230768,121.34615384615384,7.032692307692307,1352.3846153846155,3.0,1.0,1993.0192307692307
555,556,14.465312352941178,47411764.705882356,287245672.0,124.94117647058823,7.023529411764706,2045.0588235294117,3.0,1.0,1993.4117647058824
556,557,9.145533934782609,26182413.04347826,121152352.32608695,95.71739130434783,6.115217391304348,774.7173913043479,3.0,1.0,1990.3478260869565
557,558,9.6761928,11939815.726666667,50462291.57333333,115.63333333333334,7.073333333333333,678.8066666666666,3.0,1.0,1981.2733333333333
558,559,14.834321566666667,33902600.0,209172040.57777777,124.91111111111111,7.088888888888889,1934.2888888888888,3.0,1.0,1987.3111111111111
559,560,18.069347442857143,51198573.04285714,259872686.34285715,118.2,6.895714285714286,2642.8142857142857,3.0,1.0,1993.1142857142856
560,561,15.409191260869566,46363776.4589372,247137846.99033818,113.57004830917874,6.956521739130435,2272.144927536232,3.0,1.0,1995.376811594203
561,562,17.468933231638417,53330943.50282486,320353094.0282486,122.87005649717514,7.15593220338983,2799.045197740113,3.0,1.0,1997.0395480225989
562,563,19.86494570909091,56508997.72727273,262361426.15454546,121.54545454545455,7.137272727272728,3390.609090909091,2.9727272727272727,0.990909090909091,1985.3727272727272
563,564,8.49364079648049,12548701.843917368,53446603.05049732,104.3442999234889,6.418133129303749,476.3389441469013,2.9969395562356542,0.9992348890589136,1985.0604437643458
564,565,13.185372555555555,31166666.666666668,285594839.8333333,124.55555555555556,7.461111111111112,2397.222222222222,3.0,1.0,1992.3333333333333
565,566,10.923684466666666,40266666.666666664,149686052.13333333,114.8,6.253333333333333,1349.6,3.0,1.0,2003.6
566,567,22.824510826086957,24130434.782608695,215520519.7826087,125.04347826086956,7.947826086956522,4176.434782608696,3.0,1.0,1989.9130434782608
567,568,19.73744612,42400000.0,248261282.0,121.36,6.984,2184.88,3.0,1.0,1993.52
568,569,13.06404438983051,19882697.33898305,141051046.37288135,126.10169491525424,7.410169491525424,1422.2542372881355,3.0,1.0,1971.2881355932204
569,570,21.500459078651687,88402808.98876405,442574671.3820225,128.53932584269663,7.119101123595506,3918.2134831460676,3.0,1.0,2000.247191011236
570,571,11.301419512195123,51207317.07317073,160592526.97560975,119.34146341463415,6.385365853658537,1343.1463414634147,3.0,1.0,1999.9024390243903
571,572,21.041832621621623,70172000.0,311143859.0945946,129.43243243243242,7.205405405405406,3521.5945945945946,3.0,1.0,2000.8513513513512
572,573,15.232843576923077,25715384.615384616,190259752.26923078,103.92307692307692,7.123076923076923,1592.6153846153845,3.0,1.0,1983.923076923077
573,574,15.619649313807532,49384100.41841004,234204688.82845187,118.01673640167364,6.885774058577406,2196.1589958158997,2.98744769874477,0.99581589958159,1989.041841004184
574,575,9.71776335078534,14459075.730366493,84604029.41884817,115.82198952879581,6.917015706806283,679.2068062827225,3.0,1.0,1976.5916230366493
575,576,16.617070615384616,24001923.076923076,163783439.65384614,120.3076923076923,7.1038461538461535,1887.7692307692307,3.0,1.0,1988.8076923076924
576,577,15.640386620512821,38077246.15384615,244575520.6051282,118.66153846153846,7.062564102564103,2051.4153846153845,3.0,1.0,1988.446153846154
577,578,23.418211652173913,33800000.0,263309764.91304347,134.43478260869566,7.943478260869565,4520.739130434783,3.0,1.0,1994.9130434782608
578,579,8.972371642857143,29228571.42857143,90976009.57142857,103.07142857142857,6.414285714285714,447.7142857142857,3.0,1.0,1991.642857142857
579,580,12.274560840310077,28824232.046511628,136330874.97674417,111.65426356589147,6.908527131782946,1253.5922480620154,3.0,1.0,1989.7255813953489
580,581,9.545668411764707,26723470.588235293,92601888.38235295,102.20588235294117,6.061764705882353,773.0,3.0,1.0,1985.235294117647
581,582,13.020960604166667,35210629.40625,207748027.26041666,114.01041666666667,6.8500000000000005,1643.7083333333333,2.96875,0.9895833333333334,1967.7916666666667
582,583,38.699366285714284,43900000.0,216095438.64285713,139.5,7.971428571428571,5259.571428571428,3.0,1.0,1996.642857142857
583,584,19.512388614814814,55886782.05925926,262607272.33333334,120.80740740740741,6.971851851851852,2979.6,2.977777777777778,0.9925925925925926,1986.8
584,585,9.147486366666666,10578883.495238096,66934478.56190476,106.61904761904762,7.091428571428572,646.0904761904762,3.0,1.0,1976.7238095238095
585,586,19.20890246153846,52745564.102564104,354245608.974359,131.94871794871796,7.3307692307692305,3157.025641025641,3.0,1.0,1991.923076923077
586,587,10.61554968465909,9008087.917613637,58676691.31534091,116.88068181818181,7.334659090909091,759.0454545454545,3.0,1.0,1975.7613636363637
587,588,18.62922125,49118055.55555555,293593903.5833333,127.08333333333333,6.9944444444444445,2360.8888888888887,3.0,1.0,1993.8333333333333
588,589,17.007687633333333,50333333.333333336,285249004.26666665,122.93333333333334,6.753333333333333,1990.5666666666666,3.0,1.0,1993.7
589,590,16.508259838709677,42524193.548387095,254673515.2419355,121.19354838709677,6.72258064516129,1784.3870967741937,3.0,1.0,1993.8548387096773
590,591,11.179413952380953,23036190.476190478,130277461.61904761,110.71428571428571,6.942857142857143,973.2380952380952,3.0,1.0,1980.952380952381
591,592,14.026416956989248,35910827.95698924,219963623.03225806,114.39784946236558,6.995698924731183,1963.1397849462367,3.0,1.0,1988.3655913978494
592,593,15.367293857142856,38475510.20408163,248431292.4489796,120.10204081632654,6.785714285714286,1687.469387755102,3.0,1.0,1993.6938775510205
593,594,16.92099792307692,13773365.384615384,117773795.28846154,110.86538461538461,7.301923076923076,1667.326923076923,3.0,1.0,1987.3461538461538
594,595,12.95519194736842,18915174.97368421,133425952.71929824,106.83333333333333,7.137719298245615,1380.8947368421052,3.0,1.0,1987.6140350877192
595,596,14.013893973529411,38423328.99411765,179086149.42941177,120.72647058823529,7.041176470588235,1726.65,3.0,1.0,1994.0588235294117
596,597,11.992052673758867,19566133.4964539,105960205.42553191,105.61702127659575,7.117021276595745,1221.340425531915,3.0,1.0,1976.9574468085107
597,598,13.484672417431192,34092194.211009175,166989364.94495413,112.35779816513761,6.8064220183486235,1511.3853211009175,3.0,1.0,1992.5229357798164
598,599,13.907730358208957,52257759.15671642,256736239.73880598,109.86567164179104,6.744029850746269,2404.9253731343283,2.9776119402985075,0.9925373134328358,1985.8805970149253
599,600,36.20805129166667,87958333.33333333,562317583.0,120.83333333333333,7.616666666666667,5385.125,3.0,1.0,2008.5
600,601,16.82606803125,40743750.0,204453605.0625,119.53125,6.7125,1776.96875,2.90625,0.96875,1937.625
601,602,13.646796833333333,26249877.866666667,139897972.31111112,115.17777777777778,7.001111111111111,1324.7888888888888,3.0,1.0,1992.0222222222221
602,603,14.907375189873418,28877448.392405063,229145122.70886075,111.70886075949367,6.955696202531645,1821.5822784810127,3.0,1.0,1982.8481012658228
603,604,11.323649571428572,25039285.714285713,112323197.92857143,112.35714285714286,6.635714285714286,697.0,3.0,1.0,1987.2857142857142
604,605,9.448942370491803,15537609.318032786,85434648.60655738,108.58360655737705,6.622950819672131,624.8131147540984,3.0,1.0,1983.360655737705
605,606,14.384812904761905,19927379.714285713,81674205.09523809,107.5,7.333333333333333,1841.4761904761904,3.0,1.0,1986.1904761904761
606,607,13.91122533557047,43848899.86241611,213733516.93288592,115.04362416107382,6.888926174496644,1853.3724832214766,3.0,1.0,1993.6845637583892
607,608,12.485644082125605,21050977.76811594,94735468.18357489,117.98067632850241,7.155555555555556,1240.0338164251207,3.004830917874396,1.0,1988.4396135265702
608,609,6.593966469387755,4205871.224489796,21171979.336734693,106.95918367346938,6.608163265306123,335.3979591836735,2.989795918367347,0.9897959183673469,1964.1632653061224
609,610,11.117468877192984,30445614.03508772,102116599.10526316,112.91228070175438,7.036842105263158,1327.3859649122808,3.0,1.0,2002.8070175438597
610,611,19.327544458333332,95229375.0,458364251.125,126.375,6.733333333333333,3660.9583333333335,2.875,0.9583333333333334,1918.625
611,612,16.337860478260872,58289717.39130435,362030918.3913044,116.80434782608695,7.119565217391305,3314.782608695652,3.0,1.0,1997.5217391304348
612,613,17.74455537837838,23693243.243243244,149979167.56756756,118.62162162162163,7.367567567567568,2435.189189189189,3.0,1.0,1986.972972972973
613,614,12.597974666666667,12055459.869565217,100581136.75362319,118.01449275362319,7.344927536231884,1127.8695652173913,3.0,1.0,1972.4492753623188
614,615,17.590874728624534,57995193.30855019,267828104.66171002,116.5092936802974,7.043866171003717,3057.8029739776953,2.9776951672862455,0.9925650557620818,1988.078066914498
615,616,11.943010464285715,36128571.428571425,168799030.67857143,118.75,6.610714285714286,1172.357142857143,3.0,1.0,1994.0357142857142
616,617,11.207392826923078,20676827.076923076,161564025.1153846,110.07692307692308,6.884615384615385,1300.173076923077,3.0,1.0,1989.6538461538462
617,618,11.024685761904763,20979904.80952381,147281388.52380952,115.80952380952381,7.223809523809523,1226.6190476190477,3.0,1.0,1983.3333333333333
618,619,18.4217264,43818333.333333336,202298410.36666667,121.43333333333334,6.743333333333334,1796.3,3.0,1.0,1993.2
619,620,20.467317883333333,80433333.33333333,391477484.075,115.73333333333333,6.966666666666667,3162.25,3.0,1.0,2006.4666666666667
620,621,15.794196212121212,23951472.348484848,193808536.8939394,116.42424242424242,7.037878787878788,1975.3484848484848,3.0,1.0,1985.1969696969697
621,622,28.842682333333332,77809523.8095238,503721679.38095236,127.85714285714286,7.404761904761905,6113.380952380952,2.857142857142857,0.9523809523809523,1903.952380952381
622,623,21.009289097222222,60742361.11111111,369694131.7916667,119.01388888888889,6.987500000000001,3604.027777777778,3.0,1.0,1998.4444444444443
623,624,10.878017404448105,35355688.54777595,132893315.99093905,108.6482701812191,6.3449752883031305,1014.4621087314662,2.9950576606260295,0.9983525535420099,1989.6301482701813
624,625,25.301968304347824,65727391.30434783,370357146.17391306,120.06521739130434,7.360869565217392,3880.1521739130435,2.9347826086956523,0.9782608695652174,1961.5
625,626,10.9591068,45211914.28571428,124478345.67619048,108.60952380952381,6.307619047619047,965.2380952380952,3.0,1.0,1997.6857142857143
626,627,18.197336051851853,52881148.14814815,317610147.34074074,126.0962962962963,7.142222222222222,2870.9185185185183,3.0,1.0,1997.474074074074
627,628,11.573857333333333,19622821.0,75262972.16666667,119.06666666666666,7.326666666666667,1377.35,3.0,1.0,1994.35
628,629,21.210432304347826,43165217.39130435,312818460.4782609,133.34782608695653,7.260869565217392,2648.782608695652,3.0,1.0,1992.695652173913
629,630,20.443767375,15523625.0,170555756.8125,136.75,8.0375,3324.625,3.0,1.0,1976.625
630,631,10.93325119047619,49190476.190476194,129343778.0,123.9047619047619,6.614285714285715,781.6666666666666,3.0,1.0,1996.857142857143
631,632,21.988337074074074,39037037.03703704,230003469.03703704,122.55555555555556,6.907407407407407,2557.3333333333335,3.0,1.0,1994.7407407407406
632,633,22.33916840909091,40193181.81818182,337790082.3636364,127.13636363636364,7.318181818181818,2831.9545454545455,3.0,1.0,1993.5
633,634,9.977847533333334,28640000.0,127698369.86666666,118.06666666666666,6.433333333333334,549.4,3.0,1.0,1987.0666666666666
634,635,34.43648266666666,16133333.333333334,104341752.66666667,125.73333333333333,8.046666666666667,4298.466666666666,3.0,1.0,1991.1333333333334
635,636,12.461503952380951,22457142.85714286,144682654.85714287,105.42857142857143,6.457142857142857,1316.857142857143,3.0,1.0,1993.5714285714287
636,637,9.368487588235293,25288235.29411765,67449840.52941176,115.52941176470588,6.382352941176471,354.11764705882354,3.0,1.0,1990.7058823529412
637,638,8.534607142857142,28071428.57142857,81355168.14285715,102.28571428571429,6.521428571428571,328.5,3.0,1.0,1990.0714285714287
638,639,15.003737210526316,27513157.89473684,122621833.0,127.26315789473684,6.652631578947369,1147.5526315789473,3.0,1.0,1993.6052631578948
639,640,10.489233529411765,29334705.88235294,142635571.4117647,108.8529411764706,6.305882352941176,852.8823529411765,3.0,1.0,1994.0588235294117
640,641,12.29060224489796,28387755.102040816,177537664.09183672,113.39795918367346,6.545918367346939,1094.0,3.0,1.0,1993.408163265306
641,642,8.53941412,15247720.0,28737280.24,114.76,7.047999999999999,515.4,3.0,1.0,1985.16
642,643,12.591163375,58812500.0,186676185.125,110.25,5.975,1539.3125,3.0,1.0,1996.0625
643,644,12.104393962962964,26647814.814814813,145708808.92592594,106.44444444444444,6.637037037037037,1069.2962962962963,3.0,1.0,1995.2592592592594
644,645,10.792736047619048,39141666.666666664,170200618.14285713,110.66666666666667,6.557142857142857,1178.857142857143,3.0,1.0,1990.5238095238096
645,646,12.027209644067797,35309660.618644066,172498546.76271185,107.44915254237289,6.5398305084745765,1284.7203389830509,3.0,1.0,1988.2203389830509
646,647,14.377815847619047,16983215.96190476,91564215.73333333,120.8952380952381,7.348571428571429,1349.1714285714286,3.0,1.0,1982.3333333333333
647,648,13.29176512849162,24210435.530726258,156782425.41340783,115.53072625698324,7.232402234636871,1796.1564245810057,3.0,1.0,1992.508379888268
648,649,15.143247693548387,33617370.96774194,201192159.91935483,116.1774193548387,6.841935483870968,1592.7096774193549,3.0,1.0,1993.9354838709678
649,650,9.13748605,39600000.0,153010988.55,122.1,6.39,563.9,3.0,1.0,1995.35
650,651,14.884310571428571,19269785.714285713,210424932.2857143,111.92857142857143,7.035714285714286,1909.857142857143,3.0,1.0,1984.2857142857142
651,652,8.543315446236559,24801666.666666668,100412282.64516129,105.74731182795699,6.229032258064516,845.4462365591398,3.0,1.0,1998.8655913978494
652,653,11.756789114285715,41928571.428571425,247915525.2,107.37142857142857,6.44,1411.4285714285713,2.914285714285714,0.9714285714285714,1938.6285714285714
653,654,13.91371860045662,39321357.13013699,203918617.8561644,114.61187214611873,6.943150684931506,1693.3721461187215,3.0,1.0,1993.8287671232877
654,655,20.114865753424656,38482876.71232877,244257193.19178084,113.87671232876713,7.249315068493151,3084.794520547945,3.0,1.0,1996.041095890411
655,656,10.579899584269663,22623753.966292135,91859601.08988763,118.40449438202248,6.702247191011236,746.4943820224719,3.0,1.0,1981.2359550561798
656,657,25.241882999999998,46642857.14285714,284858038.78571427,128.21428571428572,7.1571428571428575,2727.6428571428573,3.0,1.0,1993.2142857142858
657,658,17.18680392857143,28710714.285714287,215646393.7142857,127.97619047619048,7.169047619047619,1966.4761904761904,3.0,1.0,1993.8809523809523
658,659,11.613001515151515,21607072.0,125014028.95959596,120.37373737373737,6.7868686868686865,1098.4444444444443,3.0,1.0,1993.9292929292928
659,660,31.33411315625,124739843.75,680083124.5625,128.6875,7.41875,6053.625,3.0,1.0,2005.875
660,661,10.283552782608696,16714007.826086957,112870743.56521739,116.56521739130434,6.921739130434782,916.6521739130435,3.0,1.0,1985.2173913043478
661,662,18.539670975,37875000.0,279932919.225,119.5,6.825,2059.375,3.0,1.0,1993.85
662,663,46.443874888888885,46822222.222222224,342368976.6666667,109.66666666666667,6.877777777777777,3488.6111111111113,3.0,1.0,2007.611111111111
663,664,15.962619099173555,54397938.42975207,222226992.0798898,119.24517906336088,7.049586776859504,2570.8347107438017,2.9834710743801653,0.9944903581267218,1990.2727272727273
664,665,11.311368580858087,27504371.0330033,134997928.79537955,109.06930693069307,6.57029702970297,1006.6633663366337,3.0,1.0,1989.947194719472
665,666,19.865515357142858,41428571.428571425,313171540.21428573,126.17857142857143,6.889285714285714,2350.035714285714,3.0,1.0,1993.2857142857142
666,667,14.39487785106383,31784042.55319149,194704932.10638297,126.36170212765957,6.965957446808511,1182.7021276595744,3.0,1.0,1994.1489361702127
667,668,12.943186571428571,11735714.285714285,53077912.35714286,114.92857142857143,6.771428571428571,1331.9285714285713,2.7857142857142856,0.9285714285714286,1849.0
668,669,12.92880736,30147080.0,162824907.4,108.88,6.528,1483.52,3.0,1.0,1992.84
669,670,17.46249195238095,33357142.85714286,229832520.0952381,130.23809523809524,7.433333333333333,2962.4285714285716,3.0,1.0,1995.0
670,671,18.171255025,29549500.0,220059904.775,116.3375,7.4425,2648.1875,3.0,1.0,1993.4625
